,request-id,convincing
0,00194088-ccd9-4aeb-b109-e37e00144262,1.0
1,00223014-19e9-4061-b3a8-6392bb2dc686,1.0
2,003b75eb-19cb-436a-9ddf-748492dc6ee1,1.0
3,006ce56d-9bd2-485e-b1bf-e9385ad62fa7,0.0
4,00728fce-d79c-49a1-baa6-0513dd27393c,1.0
5,00818a65-106f-4db2-a583-f7c43f3fef03,1.0
6,0085c68c-8442-4d4b-bc44-58590f73e9d9,1.0
7,0092189c-65e6-4143-a755-d8b31d5bf993,1.0
8,00b2e94e-e5d6-44e5-8cd4-b68526b1503c,1.0
9,0124c471-2877-4a3f-babd-1ce75c8337e2,0.0
10,01309fb5-204b-4f5e-87b4-886553527c3d,0.0
11,0181e8d5-9c17-4d31-8f03-d75504438458,1.0
12,01c97167-7381-43ae-9e2c-f75e7f29db22,1.0
13,01d0dafc-5eab-4cd7-a581-aaa33fb30a15,1.0
14,01fd9148-5ee0-4225-89ef-fbf545306ee8,1.0
15,0229b618-828d-4fd2-b727-00bac8b4ecf6,1.0
16,024295b1-cbd3-4b04-9bbc-2394b2acfd3b,0.0
17,02484400-1cec-4d4c-997c-6d856e42e4eb,0.0
18,024903e9-1a34-4168-b31b-db5c5b75ea16,0.0
19,0277be21-07d5-43b8-9ae9-b4ebc7262576,0.0
20,027a436c-aa0c-42a0-9ee7-cefdc988d8c2,0.0
21,027fa944-e3b8-4d0e-82ce-c1ee27d52d94,0.0
22,030215c9-de4c-4a57-842c-67e9a6946e51,1.0
23,0310f4f1-9568-48a5-bea8-cc4ace8b4037,1.0
24,0311b456-5401-4cb0-9636-c19b4305a56e,0.0
25,031c9a2b-7fef-4081-be1d-3793aa60691c,0.0
26,03482b08-b695-4d84-a7f0-c1f41437feb8,1.0
27,0396047f-d994-422b-b4e2-c71773ccd06d,0.0
28,03b38770-224c-40b7-b1ba-2d1195d704dd,0.0
29,03c3620d-2d66-490e-a39a-43151af807c3,0.0
30,03e11037-519e-424a-8065-bdb600071a3c,0.0
31,03fd9a80-7b5c-4352-866c-c131e0a29b32,0.0
32,0447cc78-098b-4385-bbc3-dfcca3cdddb6,1.0
33,04954ccc-4f19-48a7-9096-4bbf2735d9e8,1.0
34,04d79d68-5901-43be-a483-47a60ad0a6e1,1.0
35,04f1f564-f085-40f9-ab28-d5902e064b13,1.0
36,04f52f61-04a4-4b0c-9c74-afdcbaaa0821,1.0
37,059bf359-cf6d-40f4-91b3-714093c46d5d,0.0
38,05be878f-c760-4b67-875b-b4e0a9453872,0.0
39,05f7a14e-6d07-4790-99bd-2da3411ece68,1.0
40,0619a98f-0099-4202-a166-f38278693231,0.0
41,062907e9-578d-4d73-a605-d9f21b40ddd1,0.0
42,06392961-1d59-4acf-b82c-8465bc3ee1c1,1.0
43,063b73bb-ac4a-4c3e-8d96-8ba85a5e4050,1.0
44,0649b5e8-51e2-4981-9fb7-d9235b7ef21b,0.0
45,068e736d-db4a-4689-a202-ac1052339896,0.0
46,06a2edce-1f58-49e0-9f65-cb9fdfa34cff,0.0
47,06acefd2-d64d-4e33-9370-1ac7237ee31f,1.0
48,06b10a1d-5e8f-4ef0-b3a5-8dcf4e72a4ab,1.0
49,06e7b982-19d1-47c5-8ba8-9554d8f5a475,0.0
50,0763c57c-4bd1-4844-8aa3-5bd0aa2ad6fc,1.0
51,079a4c64-aaac-4acd-b81c-b993fb9410eb,1.0
52,07d9a4a9-acdb-4df4-9835-4f91982d53f0,1.0
53,080f7ab8-f73a-49f8-9e7f-9e005fbfd473,0.0
54,085f59ee-1382-4e0d-b344-a9dade9b4f5c,1.0
55,08768563-414d-42f0-83d5-774dfa2cfb1d,1.0
56,0895fc10-531b-4be4-bb78-b3ad05b83d81,0.0
57,08beef73-2c44-4fa0-85fc-45c2d30c34c8,0.0
58,08e342f7-53f9-472d-82a5-4ce7429e6c5a,1.0
59,08ed2d7f-4b8d-4a52-843d-4356fab6392a,1.0
60,091a063a-2687-42c8-b41e-5205aff8f6d1,1.0
61,095a8713-5331-4b3c-ac87-c4ebc17b57a8,0.0
62,096d5040-da45-47b4-8d74-a31d2d8e9594,1.0
63,09717ac8-a5b4-4e11-9184-a41768fb9edf,1.0
64,09909bf8-bf0e-4a8f-ad2a-bef72e1a2967,1.0
65,09b06eb1-204a-4814-b940-942005dca1c0,1.0
66,0a4e6d49-3b9b-47aa-97b6-827f8afafc81,1.0
67,0a645834-f2fd-42a8-944f-7de91b1860c7,1.0
68,0a83916d-e72a-4b91-abe8-0f477510cc8d,0.0
69,0a8d5cdb-cb12-4359-a50c-f6257aa3a475,1.0
70,0aa88c3e-40c0-439c-a50a-21f9363ccca8,0.0
71,0aceb25a-232b-443d-ae08-676886134a3f,0.0
72,0b1b020c-5873-41ee-a4f7-5841994d97a0,1.0
73,0b4f5363-7269-4634-864a-ba0eba9cbcd6,1.0
74,0b4f5b5b-acc3-4110-832a-863ee5d22790,0.0
75,0b5baf7e-6b13-4db2-abad-f3618226ea8f,1.0
76,0bb1ba10-5625-48c3-b755-6ee1a9216b90,1.0
77,0bbfe0b1-8a88-41a2-af8a-fdc3238a97f6,0.0
78,0bc9794a-c4fb-4cbc-9639-dbc02be9d417,1.0
79,0be2a618-611c-4098-ab8c-181110f7e2a3,1.0
80,0c0154b6-b0db-4c34-b024-a876d4d20b3e,0.0
81,0c4ec922-8d97-4c0d-921c-3c185c7ea93a,0.0
82,0c6c0e1c-2a66-4e87-b0a6-659020f6ed84,0.0
83,0c809a6f-582d-4caf-afe2-4ea0f101f08e,0.0
84,0c8f561f-2ee9-4fa4-8006-4e142b7a1448,0.0
85,0cae32df-9deb-46a4-9662-902959ad4211,0.0
86,0cc34208-ed95-4399-9cf3-ef509fc917d8,1.0
87,0cdbcfb7-0931-4a64-8074-a15ea564fe96,1.0
88,0cf6e672-e4fa-4456-9bdf-c2f44ed83964,0.0
89,0d1ad849-06ae-463d-9b7e-d5b3625d664e,1.0
90,0da6cd1d-db23-4888-8425-983ee3fde801,0.0
91,0dbd4920-0ca4-4c4e-b1f4-32e0f7aa149d,1.0
92,0dc7bc8f-82f9-4477-b4fd-05504f433abb,1.0
93,0dd66b6d-b305-4383-afb9-d6f7f5146d20,0.0
94,0e0fb12c-9877-4639-9375-03b43c1b8abe,1.0
95,0e221d38-1252-4049-bcc7-1b1bd2cab077,1.0
96,0e638d8c-b7f7-4a9a-9512-b632da06d65d,1.0
97,0e7aea74-d4ec-47c5-a169-7c3e51c9e5b6,1.0
98,0e7deaa5-7abb-4499-8d6f-702f6554d6e0,0.0
99,0e9182eb-d02e-4a27-a3d2-385c76369f92,0.0
100,0e91c03e-6d8d-483b-b332-f225fcb8eb42,1.0
101,0e9e3d82-ad30-4718-9b02-599afa0f8593,1.0
102,0ece0dbe-f086-4c81-b0d1-69fb4daa190b,0.0
103,0edb4e29-505d-40a0-a54c-5035ee29cfec,0.0
104,0f33a742-c305-4b1f-a197-6aecc1181966,0.0
105,0f451ece-b17a-4f53-8248-ee95b3194ac4,0.0
106,1005402e-1719-4e08-8940-19d7e84f6f60,0.0
107,1019c8fe-44b3-45af-b9fb-1c20d9aeb376,1.0
108,103d66e2-b523-46a8-9541-2b03be4c1605,1.0
109,104fbb47-a06f-4388-a965-04c6b2979064,1.0
110,1071ce6b-fb2c-4164-948a-77324ff5b71c,1.0
111,110d010e-4b80-4c6a-9c77-1573c07b3315,1.0
112,11133152-5895-4a33-89cd-9e66c0b65822,1.0
113,11a59cd0-c7df-4340-9766-6b3ea7520629,1.0
114,11dd58b8-7944-4eed-8128-a0c0a7f7fe5e,1.0
115,11e1ef7c-35ef-43c9-be43-b6b51b69b360,1.0
116,11e5ba17-8c8c-48c7-a9dd-56bfbca4efd6,0.0
117,11fab826-3145-4c90-b13a-35e3e2fb9159,0.0
118,122f9a32-dab8-4669-801f-6b98cf42b927,0.0
119,133331a4-2e46-425f-989b-598c9cbf4e0a,1.0
120,134e588b-d8d8-492f-8c02-0866b08859ed,1.0
121,137a681c-7ad2-4aaf-b50d-dce5f4925ce2,1.0
122,1381d1c8-5d35-45e4-bef3-839856d59aba,1.0
123,13822488-528d-485a-be96-1dc2f8d24534,1.0
124,138ba5c7-3087-49f7-8d16-5d8fffe22f98,1.0
125,13999721-6f40-46f8-82eb-2b5e09332703,0.0
126,13fe5127-6680-4e11-8cfd-80e4b0ee4c52,0.0
127,140c97c1-1768-4cf9-be56-27a88dea3dae,1.0
128,142772e8-1ac4-4825-95be-166b6a5f30c3,1.0
129,1449c884-48a7-465a-b85b-997bb6b54eb0,1.0
130,14703028-3fd0-46d4-a8cf-4405879f3236,1.0
131,148589ba-75c9-4bca-9d83-00a8ee5f300d,0.0
132,1510c471-635d-414a-99dc-ba315f403485,1.0
133,1528e361-4ca7-47b1-aff0-1d1af861f5a7,1.0
134,153344bb-5709-40e2-92ee-0d6a6b3ea999,0.0
135,15555c07-9fce-4e09-8745-5098f1d01e7a,0.0
136,15821c9f-5a06-4771-b195-bba88e8e9c41,0.0
137,15841bfb-0600-4829-8da4-52fb128c4457,0.0
138,15b70044-0197-45f3-bfbc-8708f71d2f85,1.0
139,15b8444c-9e93-4fd9-8839-5cf3b524b6cf,0.0
140,15c47899-eefe-4c6e-8260-78780ac0b4e8,0.0
141,15f07988-d47e-49f4-85f7-9f28424bd913,0.0
142,16306690-2adf-48c5-a78a-45c4244935b7,1.0
143,163fb2ed-e35a-4aca-b0f8-e1f784e66666,1.0
144,16600f81-637f-4932-9f7b-e46dfe193d94,0.0
145,16abf1b3-e675-4a73-8183-b2e10bf17231,1.0
146,16b9872f-8fe9-4d9c-b467-f09f9f5db510,1.0
147,1745272d-cfca-4ac8-9070-df7ca8b2a10c,1.0
148,1769a52e-5675-41e2-857d-d24647111652,1.0
149,178db36a-4e6b-4177-b912-242366519e01,0.0
150,17bc6d35-0825-46e5-b40d-b13187e03cc2,1.0
151,17eaded4-34f8-4766-9683-8816b47dcb40,0.0
152,182cbffc-eb6e-4bbc-8504-6e553bb4cc5b,1.0
153,183995ef-9507-4a03-9689-94ee220d939e,0.0
154,18a5af00-6c2a-4a5c-a686-555495c7e81f,0.0
155,18b0e831-1f98-4d81-8c3e-d5efa473a8f5,0.0
156,195208d7-f1c0-48a1-b69d-fd9a6f45bda7,0.0
157,19886544-e548-4157-9dcc-2c2b4aa64891,0.0
158,199578b5-c61d-4ae0-a87c-d801c19ddbae,0.0
159,19e64991-ec63-4fde-9537-a53d61e9a2b0,1.0
160,1a009268-9f32-4f1d-9e7d-0be66908eb4a,1.0
161,1a49a17f-208a-4694-b4e7-ce6a8eda0b15,0.0
162,1a633090-af69-41fc-b61d-54bbcaf9d2a0,0.0
163,1a8220bd-6df5-42d5-a2f6-ca72a2a0310c,1.0
164,1a8dfe27-7ad9-4b5a-accb-72af10eb4e15,0.0
165,1a9e18ef-72e7-4ed1-9b5c-f8dc4158f24f,0.0
166,1af3f499-05f7-4b82-86b6-fa43e247bc98,0.0
167,1b1a24a7-2a6d-4d7b-b738-ffa9adc80e48,1.0
168,1b2b22c5-cfa2-4f47-b875-fb48c6e4c9e0,1.0
169,1b3530d9-2eb0-4bdc-ba98-b7b33e4fe326,0.0
170,1b392200-581c-4cf0-9ddb-f3a90cf03052,1.0
171,1b784c5e-f455-4043-9134-65ae324b4d00,1.0
172,1b8e1774-2fa0-4443-9948-c0c84d6baf78,0.0
173,1ba17d4e-5531-4b3e-96d8-440d3bf38d09,1.0
174,1bbb689e-c1ec-42df-958f-a7a0b272bae9,0.0
175,1c3467bd-e430-4750-a8f6-645367599e3a,1.0
176,1c4d8b3c-c4ce-4542-8c20-2693592b2c55,1.0
177,1c7e6798-7826-4758-816f-dbe0d1cedc66,0.0
178,1ced6d56-f150-4394-afc1-0810d5527dee,0.0
179,1d014290-7b0e-4867-bb74-0cbb8522c265,1.0
180,1d05d039-b843-47b4-9f86-c4d9d63bfaa8,1.0
181,1d2d9578-ca88-4609-ab2e-42d06ad8a384,1.0
182,1d3cedf3-f216-4ceb-ba8d-25584c648286,0.0
183,1d5a6c4d-5ba6-4aa6-95e0-4fb15a419aa8,0.0
184,1dd6d41e-d637-49bd-b8e1-8770c591dd28,0.0
185,1dee76a1-f033-4987-9134-50ee1af4c603,1.0
186,1e1b0303-0caa-40a3-be74-70cb50468cdb,0.0
187,1e439c7c-2ec6-4c19-ad19-d67ee51c4dc5,0.0
188,1e6b06ff-46f4-4573-9c3e-631341e8720d,0.0
189,1e8c9375-1fae-4898-9c1a-8e8acfd25d39,0.0
190,1ea83bf1-c213-4647-82ae-2a933d54ddf4,0.0
191,1ece1da0-0eed-4232-857d-55062b213511,0.0
192,1eeda58e-a3c8-46c5-a7f2-b81870440043,0.0
193,1f4c6d49-ee54-458e-a71f-7843cbc04e5c,0.0
194,1f6d2cc4-c11f-4e0f-a028-ed564a081690,1.0
195,1f72c892-0982-4955-bd2a-a6acee2fff37,0.0
196,1fb75b28-4e40-4559-9f23-5c2fdf860929,0.0
197,1fc1f654-38f7-4bf4-be6b-1247d430e401,0.0
198,1ff031df-e4bf-4e4f-b551-708fed5a3d9f,1.0
199,20025e82-332a-4364-9685-076c098c9116,0.0
200,2006b0a3-b0df-4d8c-94ca-acc235f98fd2,1.0
201,200782e6-aac3-4346-b22e-efa59babc9ef,1.0
202,20240808-b644-47d5-8164-367f9322a278,1.0
203,208c6f21-4211-4aec-ad38-27e12deeb2dc,1.0
204,208f0af6-1869-463d-81b4-a1e895154061,1.0
205,211ebd1a-043f-477c-b49a-4f34636a5c7c,1.0
206,21485948-d54d-4096-98f8-4c96e28e1fa4,0.0
207,2168acd9-7ca4-4740-b6e2-fd3fb9a05556,0.0
208,219cf05d-f421-4cb7-8708-f88b81fbc6b7,0.0
209,21af01c8-9a0e-4703-b3d2-e10c179ba4ce,0.0
210,21b04112-e15a-4a53-80a3-7c29a98026ec,0.0
211,21b7ff4b-9fd7-4272-a3e9-cd929bfd797a,1.0
212,21e809da-f118-4d87-9079-484e0ca9d9b8,1.0
213,21f9dc68-a7d6-402d-bf78-8e88d86e8b28,1.0
214,221ccdf3-b5df-44a1-8a43-6d250b1fa7dc,0.0
215,22228394-8bb2-4fea-904b-8908f090e1b7,1.0
216,227dbb4a-dcb5-47ec-aee3-f036d822b662,0.0
217,22d88a3e-545c-429d-9316-c1c474e1f2a9,0.0
218,232a8a43-3181-4f04-9a9c-3c057000b7f4,1.0
219,23327636-a324-4c23-b20b-9e6751514e75,1.0
220,23366add-3eb9-4bfc-afc5-50a939912cf6,1.0
221,236d7b8e-0d8b-4d8e-bdbf-95fd145f6533,0.0
222,2392fc9a-03ca-4f4a-aa6d-8a0019acab36,1.0
223,24291708-8f54-4475-a8d4-368574c33710,0.0
224,246d20d4-8ef3-4dbe-b5d0-6c3a6d7f2ee2,1.0
225,2473b976-0c79-4313-af0b-7303c4bf202f,1.0
226,24dc3fb7-be70-43d3-b66a-45b235bbe12d,1.0
227,250fa107-ae7d-4602-9c13-04ea4a278f5b,0.0
228,254b9e8d-0c23-4916-ba4d-1fdf208fa915,0.0
229,254f6118-ec69-468f-a544-025d2bccbfb0,1.0
230,256219bc-504c-48f9-ad31-5f9eb76adaee,0.0
231,256e628c-fe62-4201-ae22-4109feb3bbf4,1.0
232,2598fb20-5b16-44d2-b06a-acf522dc3596,0.0
233,259ccbcd-c511-4392-9933-e891a4d6b318,0.0
234,259f4ff4-0d8a-400c-b405-f3c27a86afa3,1.0
235,25a357c2-61ea-4504-a15f-d01abd85e101,1.0
236,25a7d87c-3313-4473-8b8b-cf6eb3afff6a,0.0
237,25abea76-b476-4e30-a447-28439b1d3b7e,0.0
238,25b10c7a-4189-47aa-9c7a-2a3cf4ae84e0,1.0
239,260c98fe-facd-491d-8cce-541beb6a26e5,1.0
240,2624a077-572b-47f5-8819-5787b9d120d7,1.0
241,26dac441-e80d-479f-858d-f40b5b6cbffc,1.0
242,26f371e4-88d3-47d5-9a2d-2c39e1403687,0.0
243,2716a228-4862-4136-81cf-66bcee140e50,1.0
244,27bbd80b-6c5d-4cef-92fe-042c6f600833,0.0
245,2818a4c6-81fd-46c3-8736-e2ae332770a3,0.0
246,28228d6a-9745-491c-8576-fa477f41e25e,0.0
247,28b3666f-8487-43ec-b100-f7b7510f940a,1.0
248,28cd3416-1914-4cf5-947a-002934b8d344,1.0
249,28f6effd-f367-4c6d-bbc0-aeb98d0b3e8d,0.0
250,2903b1c4-29f1-40a2-bb83-7dc6c2dde830,1.0
251,29045896-d981-45e8-b2a3-99cd6a1eeaf0,1.0
252,2979bc3a-4db7-4afe-b7b8-6c91080858a6,1.0
253,29830aef-71de-421e-912a-8b9246e5ce89,1.0
254,2991b68d-cd31-42c9-a001-60052f670a2b,1.0
255,2992f0f7-4a70-408a-a1cf-18f74c0a9b36,0.0
256,29e919ff-0c90-41ff-a372-b6f280282dbb,0.0
257,2a452834-6b8f-4c2d-9510-2bc66695fd01,1.0
258,2a7f02df-563b-4c81-a501-fcafa1737495,1.0
259,2a934f76-4279-416f-a423-998fb44132df,0.0
260,2a9c2d02-a9e0-4f8a-84ac-c72c3d3a4a89,0.0
261,2a9eddb5-5e29-44b9-911a-8277d69a26d0,1.0
262,2aacec7c-aeb9-45c3-b4cd-9cbc7cef6c72,1.0
263,2b245d3d-4d26-491e-bf24-b9e92be9984a,0.0
264,2b246e5e-b7d0-4749-927a-0753d4eeff26,0.0
265,2b2eb46d-66d8-42be-acea-ff54d0679391,0.0
266,2b7392b8-050a-4ee1-937c-a0f2833184cb,0.0
267,2c1116b7-f756-4451-a71a-0daae154f2e9,0.0
268,2c1d43ae-2718-4a95-af40-a5df897221f0,1.0
269,2c628e00-9c97-4990-bcd5-4e578ac7d7f0,0.0
270,2c7f7843-9c83-456e-af86-8e37feb1dd15,1.0
271,2c802909-d84a-4983-87d3-e912b1f6f03a,1.0
272,2c960e11-6388-4616-8953-9c3ec8a6e14c,1.0
273,2cc6bb46-513f-4d24-b207-0019d356c1d2,1.0
274,2cd7cf2d-e8e5-4cc6-95da-cb4aedf8afe4,1.0
275,2ce83219-07a1-4839-b6e4-ff846103f8a4,0.0
276,2ced1c7c-5776-4b06-89a3-3ee7afab6dcf,0.0
277,2d310013-a545-465b-913d-49fe430b329b,0.0
278,2d50693f-3ae6-457d-8589-4269103e25e8,1.0
279,2d896cd8-15ff-4541-a684-c752a43db188,0.0
280,2d9dd9fc-6829-4cc8-a64f-1f8247b9d6d3,1.0
281,2dbd2aea-4493-400e-8033-83d31f572bcb,0.0
282,2de33c89-2327-4465-98fb-cdb9b6f6cea0,0.0
283,2dfc3434-05f7-4a5d-bea7-fb06ef4c575c,1.0
284,2e06769f-9322-4139-b2cc-6ae270c3a1c1,0.0
285,2e2bd1a1-06b6-4159-9553-85234e4dd069,0.0
286,2e35e6bc-8633-47ad-bc39-fdc2b68ee05b,0.0
287,2e377ed4-1246-457a-97b8-02e07371c87f,1.0
288,2ea8b3df-e23c-42b8-b065-a6462e6b8efa,1.0
289,2f0f17cb-13ce-46ef-ba4c-c037b113f57a,1.0
290,2f4555a8-ba0c-4fa9-886a-69468ac0ba1f,1.0
291,2f66553a-6eb4-4391-af7c-803c3166e178,0.0
292,2f891605-8c52-4061-a167-b2a41f48ef64,0.0
293,2fac3048-b8fa-4f6a-b98b-9525c9b706b4,1.0
294,2fe3725d-2d89-423c-948a-0e3da17c4980,1.0
295,30093b78-3a2a-4403-8dcc-17fb309316ab,0.0
296,3016f2f6-cb4c-4d03-bfd1-f2cbcef5d82b,1.0
297,3072804c-0062-443f-8696-b0db5fc10c37,0.0
298,307e07ee-0278-49a7-ad4e-4ead3ed2e955,1.0
299,30a7f29e-ad88-467b-84b1-ce3124f7f3cb,0.0
300,30bd93ff-ccf8-4e15-a168-265fde870c71,0.0
301,30db5497-01f8-4780-8e70-fd4b4734dd2c,1.0
302,31592c17-62b7-4785-b792-a8772e89e0c1,0.0
303,31593254-0508-4811-9e6e-1fca88e1a7d0,0.0
304,315e545e-da03-4e88-96b0-33438f4a8c60,0.0
305,3192b2ed-cfd5-4d3d-91c7-8415aba72075,0.0
306,31a9ac1a-bc55-4c66-83fd-74fcf7cfb94e,1.0
307,31b70ce1-f6c2-4aa6-8c5d-b2dc53e0ea74,0.0
308,31c90ee0-f390-409f-a098-589ec7975d63,0.0
309,31fde2bd-0653-40f5-9031-b690c5ca8bd5,0.0
310,32063b92-571f-4c92-b116-84bc694777cf,0.0
311,32a54e08-e78d-4d10-bf0f-659525b1be91,1.0
312,32c7ff04-be38-48d5-89d9-af659eda4305,1.0
313,32da8134-11cc-4f84-84a7-c7a31998fe09,1.0
314,32fc4d55-fc3a-48d8-8d83-a7175df9dc58,0.0
315,33269843-79ff-4fc3-b6f7-5a74aced226b,1.0
316,33d68ec6-709c-4d85-8e94-4eb4d283bf84,0.0
317,33f12e55-9251-49ee-9901-1258f91213cc,1.0
318,34394240-7e4a-4877-a432-ab78ef4eb45f,1.0
319,34ad0083-e207-4f8d-9435-2edd071b784d,0.0
320,34b955ac-1223-46c0-a611-e10487edb4f5,1.0
321,3548ba85-a254-4313-8755-b7fdec5b0651,1.0
322,356d3a2c-c271-4040-840a-65838dedc4c1,1.0
323,359ca17a-33b9-4578-b984-bf76ca9317d6,0.0
324,35e57ffe-0822-4c8e-bf22-03e6fdf803d1,0.0
325,35eecca4-9484-49d6-b9c0-ef2e00c4a4c1,0.0
326,361362bd-b7e8-4642-b129-0ddd03ea8b3f,1.0
327,36304c22-8db5-46fc-bca6-08d52a713f25,0.0
328,363e7fbd-a7de-4d0e-a1f3-bc0aa92faafe,1.0
329,376013ce-f0a1-4f0d-be88-e93ce0a81803,0.0
330,377d1f3c-ffc2-480a-8349-26642e244b72,0.0
331,37c284b2-0b35-4ba4-8580-3f3a16c89799,0.0
332,37e20f3c-133e-492d-8dea-1e3649bb0e2c,0.0
333,384cc84e-a544-42dc-9263-7987902215ea,1.0
334,38858c7d-e55d-48ad-aecc-f9eecbdd19ea,0.0
335,390afd1e-b1f2-41b1-bb9f-c7c1c82e4307,0.0
336,391354c6-5649-42d5-9781-888fdc606b9a,1.0
337,3920331d-5112-498a-a586-eba9dca95246,0.0
338,39466136-44c3-4fe8-a83e-b2666b8d35a6,0.0
339,398bb08b-fb1d-4c43-8961-3603bd416f2c,1.0
340,39a6f916-91af-459a-b1f1-25439376de8c,1.0
341,39c5e8fe-f29d-454e-a9b1-755e5c6c98d8,1.0
342,39db12ed-3a42-4492-8d08-d42e8201555e,0.0
343,3a08ecea-0a7e-4ba0-b24c-f4c709e15838,0.0
344,3a42d0dd-dde9-44e2-bf8c-544ae9111453,1.0
345,3a842717-a0d2-4cf4-bd7b-caad8599fbc7,1.0
346,3a995cc3-972d-4874-ab31-bf55d24013f1,0.0
347,3aa8bf1f-5db2-483f-9268-8647fa4b0c11,1.0
348,3aaacb0b-5b83-4d25-9f49-145e95dee4f9,1.0
349,3aca0155-eaac-4d98-8750-6a23d42af9d7,1.0
350,3af170b9-3780-4511-9b92-2818ecc598ee,1.0
351,3af26efc-dcd7-4566-b3ae-53f94f701e2b,1.0
352,3b6e9556-f96c-4b2b-acea-220c662dd4d9,1.0
353,3b82162f-13ef-4244-b4bb-63760ae9b09a,0.0
354,3be93612-4761-4a37-af5a-30752f9de492,1.0
355,3bfe56f2-7b14-4a30-be13-85be93dff51a,1.0
356,3c32675b-82fa-4483-b427-de97496b985a,0.0
357,3c3c43b9-6b24-403c-9ece-4beb30ec8493,0.0
358,3c3ccd0b-8612-43c8-b233-479da15f1962,0.0
359,3c580e6f-3607-4dd5-bb88-3f4cdf425581,1.0
360,3c716ef3-0dfe-4a4f-a2a6-7dffb514f57b,1.0
361,3c79f74d-47b0-4dd7-8af3-1fe28948ee0a,0.0
362,3cbd34e6-edc9-4c6b-b412-ea41f67d6157,0.0
363,3d1f03de-0a06-4093-a63c-6b1c923adf9e,1.0
364,3d26e13f-152c-40eb-891a-1a07382861f7,0.0
365,3d39a257-96e8-462c-a6d3-e26ba1db17ec,0.0
366,3d5a5086-3629-472b-a87a-a12f32406c8e,0.0
367,3d628f20-cac2-40f9-bf11-50d19d3e91c4,0.0
368,3dc31b01-e68c-4258-b413-3308abf076f3,0.0
369,3de8f368-a149-47a5-b6b1-598003461e27,1.0
370,3df20571-7f70-46c3-b30f-e31594ceb4c0,0.0
371,3df32c64-20ef-433a-8892-9a3e55e44507,1.0
372,3e3d1f3a-78d5-4427-8a74-2eb881e2e4aa,0.0
373,3e4e8a77-339d-4aa1-991c-8c44be2b2203,0.0
374,3e535470-c1c0-4531-84b8-516295840982,1.0
375,3e661a6f-c8b2-469b-b0f2-7002484c2951,0.0
376,3ead4474-4dec-42a9-910c-7e2c5d822b39,0.0
377,3ed2cda5-4b87-49ee-b76c-3f662a3cdab0,1.0
378,3f24462d-9625-4438-ad02-1a007b5bd910,0.0
379,3fa47a4b-4002-4a35-aec2-d12fdd23174c,0.0
380,3fae4275-1c0d-4bf5-bfce-6ffaaddad812,1.0
381,40633aee-44f3-48d9-b76d-49dd46505360,0.0
382,406c6ae1-ab70-4374-94dc-1d795b474fc8,1.0
383,4071ed51-685d-4c11-9648-5cc25232ce24,0.0
384,40e617b3-cc42-412a-86b3-a1809bcd540c,0.0
385,413fd6f0-ed76-49e0-b8f2-dff9530d1fad,0.0
386,41869f18-376c-4192-b1ae-09b365df5f9c,1.0
387,41a1e668-da1d-409f-a884-a7efd24227c5,1.0
388,41abefed-0f93-497f-aeaf-be9a2765bfec,1.0
389,41d3c93f-8cf6-4e73-b7ad-ce4b5c427b02,0.0
390,41e03f0f-604f-41d2-af32-175eacd5ef30,0.0
391,41e1b220-93e3-4af5-99fe-1bc90699272e,0.0
392,41f4090b-3626-49f5-9b3f-48eac8bc578a,1.0
393,429b1377-b02d-4d5e-9c76-b5170034f11a,0.0
394,43067f97-c250-470f-a4be-c74b70da09d9,0.0
395,436715ca-516a-4353-9432-7b2804213731,0.0
396,43b86bba-4248-499b-ab01-7d0ba10a3f29,0.0
397,43e6b141-3b11-462e-bccd-a0454b3a3d12,1.0
398,44027f3f-29d7-492a-bff8-f2c4a773e4de,1.0
399,440995b2-490d-4851-8746-a04118c12e38,0.0
400,445ddad6-5b54-43e6-9f76-1ef77c4c6af4,1.0
401,4474f90d-0c22-46f5-9479-e7f72fde2de9,1.0
402,44763f1c-d35a-4f5f-a70f-068c20912913,0.0
403,4477bd4f-f84a-4895-9f18-f7bb81f89fb1,1.0
404,447d54ff-6821-46f4-8290-75effeeeac31,1.0
405,44d936b6-0ee3-45bc-916f-07c2611e3869,0.0
406,44fd9f06-0423-4d85-95e3-cf074cdafe5e,1.0
407,451a5638-f6af-4b91-ad3a-87da4ada7c9d,0.0
408,45496556-d127-4d8f-9a68-9670940d9731,0.0
409,455b58cd-dbe0-4991-a6a6-289bd68f2536,1.0
410,4576fc17-86b6-4192-827d-9208d740e9f1,0.0
411,457d58d1-d02f-4f96-b23a-cf97bb223ce4,0.0
412,45d9090f-e987-4346-a9d0-d6450f8b570e,0.0
413,45da2ed4-b6a0-4f54-8b12-836171f1a5ac,0.0
414,45ec1f36-b3a0-4987-86f0-4d1c3b1488e8,1.0
415,461f3b33-1ef9-4e92-9bc2-90c58c4172c8,1.0
416,462149b8-bd58-406d-ae24-5c1526af6a90,1.0
417,46eee4b0-836a-4032-b10a-f78a698ce6c5,1.0
418,47391c98-a4b8-419a-8197-4d5217e39107,0.0
419,4758ba89-b4a9-4792-bafc-bd69de5193f8,1.0
420,47a1a1a2-42df-4ff6-aa5d-4f01e76fc09c,0.0
421,47eb9fae-3fe4-429f-8786-cbd58656ebfc,0.0
422,481fccfa-5e47-4549-ab76-18907a3828f2,0.0
423,4864de18-a3f7-4b75-9d8f-b42b6941ef3e,1.0
424,48be4e52-5571-4185-a8d8-79a710f40613,0.0
425,48e0917f-124a-432c-87c0-3e2300cd9fa9,1.0
426,493420be-3fc0-4deb-97d5-8ba519224878,1.0
427,4943f404-e838-4b20-b831-9a4ee8e92870,1.0
428,49b7ac72-fb60-4dd2-b79c-d110c10cd73f,0.0
429,4a16de0b-daa1-4680-a39e-05264c4ef86a,0.0
430,4a4489c1-bd0b-407a-9be7-dd17312b89a8,0.0
431,4a9842ad-ea80-4e47-a89d-3e9c7d28fead,1.0
432,4a9926fa-4f60-45ed-837c-222a9ec56de4,0.0
433,4aeebfc3-19ba-43bb-940c-d3e7e4c4e4a2,0.0
434,4b786a21-c0a7-4267-963e-c113385e16f4,1.0
435,4bd01d5b-d87d-40df-ba64-aa0cb03a0ade,0.0
436,4bd252d3-0611-45f4-b523-6cca848b89f5,0.0
437,4c19d4bb-a4a6-4026-aa93-02b9307169cc,1.0
438,4c681952-b608-45d6-b4bc-ff0dff5b38a5,0.0
439,4cb09a57-9887-4ed7-a077-f9505517a683,1.0
440,4cb240d8-0813-46e3-b923-0422928d2c83,1.0
441,4cde3931-c5c3-4ae9-ae91-756171b02da8,0.0
442,4d00612f-7fe6-4769-b38d-3fe0a821ac87,1.0
443,4d7af435-0003-4d81-b0d7-68c9dcf0a9f0,0.0
444,4d8cb599-d34a-4aed-bf72-e35cafe9cf6a,0.0
445,4dc819e0-dcb8-4b0d-9898-21dc56062b14,1.0
446,4dcefac1-b539-43d5-b114-a1f107c3ead3,1.0
447,4e20ba4b-5b6a-4eef-8bbb-29d03d3d8344,1.0
448,4e3f80cd-f52b-45e5-982b-0c46ef2827a5,0.0
449,4e541c9c-6385-482d-b98c-d0fab3ae97d7,0.0
450,4e57e656-c77e-47c2-b57c-170f200cbaf0,1.0
451,4e80022c-efbd-4770-96ca-85ad7aaf5095,1.0
452,4e8223ac-abf7-4237-ad28-e5db6f897dd8,0.0
453,4e978f16-3fd2-4611-929d-ea626195b736,0.0
454,4ebbf588-f497-43c0-80a8-357a3835ae57,0.0
455,4eece6a1-53f1-4b60-8b36-93d1848bf196,0.0
456,4f2522c0-d1fd-4a5e-8b40-6cfdc6a40a1e,1.0
457,4f5ddf5e-9583-4960-bdd0-1941e5618b2b,0.0
458,4f81b1e8-98ad-4506-b5e0-7f6237d3381c,1.0
459,4fa95a0c-7be3-4c6e-9594-d5c80511f570,0.0
460,5089e329-7022-4e10-8c61-0af83341bb2a,0.0
461,50a5ee7e-7843-4c78-bde1-6e53287ffb01,1.0
462,50bd8ca7-4961-4ff4-8793-494fd3807001,1.0
463,50cac03b-b766-4cb0-8cae-888f822bb0b1,0.0
464,5139a21f-99bb-40e6-a4de-9bca2b448118,0.0
465,5170f3c2-829a-45c0-bf9b-cb690183cb63,1.0
466,51acb6fc-87a9-4944-a173-d463486435b8,0.0
467,51fa9178-4f17-4064-b88a-bce1b29e5f43,1.0
468,51fca2af-7c38-47eb-8e78-340c0941e583,1.0
469,5220e4f8-1987-40b6-829c-6986eee63477,0.0
470,5222e740-c034-4288-bb52-4fa9ff0fe343,1.0
471,524e7400-8a47-48af-b8a5-d62cb30f0510,1.0
472,5272e945-0ece-4d92-b6a5-015e90136288,1.0
473,52eb09ac-bcf1-41e1-852d-d709d9e395d5,1.0
474,53ab9628-d142-4696-b4da-d57075b7145f,0.0
475,53d643b0-bdc3-4f38-ac64-ff856fbeafb2,1.0
476,53f63e5d-b4ea-445a-a110-99533685422c,1.0
477,54022b78-e330-430d-8d16-9d64895888e3,0.0
478,54303354-d6bb-45e2-afd9-1a41925001c5,1.0
479,543bd43d-0604-4545-8144-196420c572e8,1.0
480,547cbe1a-8f37-4893-a57d-862c29243ba6,1.0
481,55067eb2-9961-4143-8eaa-cd3eecdaea94,1.0
482,55422602-0bb4-4e78-a383-9c26ebfad36c,1.0
483,554e1074-a53a-4c16-98da-33d80d7e8a90,1.0
484,554f10cb-cd6a-4d70-a138-f00194ac4dc7,0.0
485,55679c1f-32a2-4be5-8987-c48a356c43d3,0.0
486,55780e8d-0e00-415f-8a1a-b89a45ffbf72,1.0
487,55a0999a-2468-4ad1-b7bb-a5b475276c97,1.0
488,55b725cc-7483-4202-a186-da6b1ff85faa,1.0
489,55c54789-43d5-4a32-980b-f3437d19e334,1.0
490,55f2b8d9-f640-433b-bca0-cf5716367e96,0.0
491,56080bb4-c9b9-43ac-9950-3627effd5398,0.0
492,5608f71a-ca6c-47bf-a563-b209a047de3a,1.0
493,56575b4d-45f9-4779-bd5f-f8afe97e3ccf,0.0
494,56f50d4f-17eb-4bed-8bb5-9d3f8a619d6e,1.0
495,57aec494-c00f-4a1f-bd6e-5008a5774586,1.0
496,57dca439-c955-4c74-8250-7d75662c84c1,0.0
497,57fdc0f7-be8b-4328-a15b-badda9ca277e,0.0
498,58472b2a-edb3-4d12-ab9b-5ea4539ff51d,1.0
499,5877efb2-e0c0-47e5-8fda-ca56883e5a4d,0.0
500,58bdbf43-8e3d-47c2-8016-d835e41b1a36,1.0
501,58e875f1-2f28-4e6c-8e5f-559b39401bc0,1.0
502,59689807-5960-47dc-8aeb-b5c95d7d13ed,0.0
503,5975f861-6a27-460a-9b5e-c5ede8421ed7,1.0
504,59956381-0a06-4cd2-b3e4-ad2481c68ca8,1.0
505,59a883f3-27d7-4001-8c6d-c0f85cb56431,0.0
506,59dc3582-df43-4392-be1e-f6e7ada914b3,0.0
507,59df54c2-1d4a-4e03-b307-2d673776bc72,1.0
508,5a388a8f-712f-4f6d-8618-519fa0370f8f,0.0
509,5a5e4afd-557a-4f98-89b0-5cfba77080d7,1.0
510,5a72d3db-561c-4006-971b-b0b2f6233886,1.0
511,5a89ed70-4eea-4494-a81b-7fce03d63390,1.0
512,5a96ac20-77ca-42b9-a076-b57238aaa8a7,1.0
513,5ab3982a-81cc-447a-89ca-c6d887c061ad,0.0
514,5ac1a22b-2c17-45fb-be99-16b04886f8a6,1.0
515,5b30b067-c459-4abd-915e-80f652e0f6cc,0.0
516,5b3d3a13-c61d-454c-a3ed-ade95d588e46,0.0
517,5b45b760-92b8-4a84-9c6b-2bb129c1a868,0.0
518,5b4ddb7e-9133-45d4-ac39-4f4375fdb10b,0.0
519,5bd34076-9226-48ca-9c49-eb5bb7df09bb,1.0
520,5bf0adc9-3699-4652-8ca2-82975ebc975e,0.0
521,5bfae88b-655d-44e2-aec2-2c68e24ea948,1.0
522,5c353566-c9ab-4a7e-af26-ebf81e044407,0.0
523,5c3689c9-4ed1-4515-ac6b-2fa33372ba06,0.0
524,5c440a03-4c44-4b08-80bc-1c40f1754f36,0.0
525,5c5474a6-090d-4967-9f13-0267d05d440b,1.0
526,5c716478-32f0-4fe1-b60b-5656ebcfef65,0.0
527,5ca9f511-2b32-4352-ada5-7f164dd66583,0.0
528,5ccac689-bfef-4f78-8892-ae254d067e88,1.0
529,5ccd7a6b-cf39-4e5b-9c4f-42bb5bec0b27,0.0
530,5d47c447-974a-4d2c-b045-dc3607fdaf14,1.0
531,5d4a567e-41dd-45fc-bfb8-fe832bc5b795,1.0
532,5d52d85b-4ea8-4393-95c8-ef1f659b8ac1,1.0
533,5d90c0ab-5d9d-4cfc-903b-0220ebb7c6c4,1.0
534,5e15a1fc-0af5-4687-ad0d-2a1b027218d7,1.0
535,5e3c3176-f3b5-4583-be03-2ce24f6f748a,1.0
536,5e5ff3b9-0db7-4866-a59f-6bf25e904a95,0.0
537,5ea2b928-d24b-481a-952f-30e885abaae8,0.0
538,5ecf4d9a-7e11-4547-bb39-c910a46e5090,0.0
539,5ed7af1a-2cd7-4426-a53c-53f15faaa875,1.0
540,5f2842e8-e17c-4cf8-9e89-2ba8c042d2c8,1.0
541,5f34640c-66e3-4289-a3e2-1f49fec99085,1.0
542,5f3697bd-d7c9-4de8-bd3b-04401e86b599,0.0
543,5f58a993-2b5e-4c2b-8cee-d4138a6da9d1,1.0
544,5f640f96-7a2f-4aa6-89e2-626db25f10fa,1.0
545,6056f000-8ccc-4319-bd0f-1c6e48698c8e,0.0
546,60663700-84a1-46d7-be3c-7f77eb0bf89d,1.0
547,60700e63-1f3c-48db-a765-f4e6a24645ad,1.0
548,6079fd95-95c5-4f18-b236-70c4885d0e95,1.0
549,60bfa588-0872-4c13-85aa-411d1ff265d9,0.0
550,60c6afed-7090-4814-a2c3-bb09b29ae0c8,1.0
551,60d564e1-f860-4d71-9799-a4aafcb154af,0.0
552,60d9e5fa-3c6d-4d06-8537-e167441253a4,0.0
553,60f5d141-1852-40c7-9717-04f047081778,1.0
554,60fcfd8c-dd75-42bb-9e0a-2ec928264fc5,1.0
555,610c3a29-bcae-4e6e-a42f-5daf59033ac2,0.0
556,6116a514-060d-4d9e-8ba0-4e8cfd23b717,0.0
557,612a994f-44c0-45e0-a1e3-6334faab1abd,0.0
558,6154f881-62d2-4686-b245-0febb14f1cd0,0.0
559,61841f5a-c253-44d7-bc00-86834a859aae,1.0
560,6191ce73-98ba-4131-b0fd-606e1dc3ca87,1.0
561,619938d4-9049-4796-b89e-0eb040cca282,0.0
562,61a8cbc9-22b1-425b-bfe2-95b3e3e148f9,0.0
563,62810da3-34c3-495a-a0d7-b29152039f42,1.0
564,62985611-816f-4c3c-a141-012e8b4565d2,0.0
565,63107293-1fa8-4423-93c2-fd28d7acdf50,0.0
566,637192a7-5570-4422-b1e7-d20c61c5350d,1.0
567,6374e022-70fd-4f53-9dde-fdcfdbe662f3,0.0
568,637cb58d-cfc7-4813-8ff4-68eca4c88d24,0.0
569,63abb8b7-d979-4cb6-b3aa-ef96314e6e0a,1.0
570,63c7abf0-40ba-4e2b-a5a7-972341eb2491,0.0
571,642602a8-5e0e-4620-ad9f-8111cbdfd5ce,1.0
572,643bbac6-3cd7-4a5d-a058-c6c59f088a6a,1.0
573,6454ff6d-d3fd-4cf3-8270-1bc24f90d7ab,0.0
574,64a2bafc-28a4-455e-a09c-638ce611d73e,1.0
575,64a5107e-af24-4325-8e9d-630d0175cb28,0.0
576,64b259c5-e616-43d9-9234-d88ddb8cc2a4,1.0
577,64c3f190-bc11-46af-9cb8-bb8262ea8122,1.0
578,64e0c88f-9cb3-49c7-9431-3416ab32324c,1.0
579,64f03a86-2f6d-4479-957a-382d800a9deb,0.0
580,650930df-cce4-44df-be1a-24624a1cfa67,1.0
581,65156f06-2ee5-41e7-a9d8-5fbd4bede817,1.0
582,65202506-9134-413e-a0ad-878edf92aeae,1.0
583,65436980-e484-47fd-9e00-4ca06be10a86,0.0
584,657b39a5-737a-43c7-ad21-eab22f088414,0.0
585,65958190-8876-4b66-a8ac-e011eba9a88d,0.0
586,65aa5121-d8e3-49fa-bd66-dbfe2f748c64,0.0
587,65cffefe-0df0-4545-88ab-df700c92f998,1.0
588,65e375cf-ed99-4722-b8aa-d8b86e0451a7,1.0
589,65fda083-f1ee-461e-9bd3-4e0bb8facbac,1.0
590,6627c6ed-31e8-48d5-8b3c-7749a8a4837d,0.0
591,66aa9b30-61a2-4d26-bbb6-be89ca82324f,1.0
592,66ba003e-40eb-4ee7-a943-f8db77b753bf,0.0
593,66e43f00-f922-4921-950c-02a9fd282044,1.0
594,66e809c9-78b5-4b8c-98ba-8b17cbca902c,0.0
595,6783cbe7-2c36-434c-b919-f1081f8281c1,1.0
596,67c082db-e101-480e-8e8d-6e5da806b9cf,1.0
597,67c55c71-93bf-43d0-a77c-d8608fee2b00,0.0
598,67c8a884-b5d1-4013-b1cf-f07e6734002d,0.0
599,67d8a07d-58c7-4329-a282-bfa092fa843d,0.0
600,67e56e26-3058-4802-a64a-8f8838599e57,0.0
601,67e786f1-77c4-49e2-9fae-f7c840f33a1d,1.0
602,6824db1e-ea11-413b-8450-f0c78d2219a2,1.0
603,6829eaf3-0192-4cd0-bd62-d404ebe6a2a6,0.0
604,6872df1b-620a-4d48-be04-3137958ba4db,0.0
605,687be67d-34ce-47e3-ae98-6b480e3f3d87,1.0
606,688f3eb8-962d-4a9d-9bfc-2ad62e8587c8,0.0
607,68b37f24-6990-47ac-8ea3-a7dc7c7d473f,0.0
608,68bb1ee4-3c74-4419-a0c8-a4ae8e521198,0.0
609,68c301a3-c175-4f3f-89f8-682300a253fd,0.0
610,6937d41d-07f0-43cb-94fb-e7f0a6eab494,1.0
611,695ab248-6535-4b5b-a849-ae28f7f1c591,0.0
612,698cc022-8581-480f-871c-6339b04e686e,1.0
613,69f74e6d-f053-40b7-a54d-b1fc9f13557e,0.0
614,6a1111fe-d2a6-4779-a256-4e50d5f4afa4,0.0
615,6ae83500-61f7-495b-a2c8-43481f449761,0.0
616,6af59bf4-15af-420d-b448-9d396ff52f7f,0.0
617,6b122086-2652-4544-ad7d-dae5bad98bd3,0.0
618,6b308689-9d3e-4b96-8263-9e7af4cd4ef4,1.0
619,6b53a9c4-fe4c-48dc-90c9-016fd878a922,1.0
620,6b8f6b52-b320-4d0e-8367-f63f4fea2f49,1.0
621,6bb882ea-4677-407d-a4ae-aa0ad50da39c,0.0
622,6cb98999-5f52-4a8c-8c96-594280de5f91,1.0
623,6cbac6da-f65f-4fec-ba97-67dfbc4c2ebf,0.0
624,6d0fbce0-d80a-4712-84a5-043f12698b26,1.0
625,6d69c644-5c82-4c15-877e-9d8d44225213,1.0
626,6d9dc9f4-6cf8-4a16-b76e-8517ad1e31e3,0.0
627,6db49fa3-824f-45f2-9298-3dd9dbf727be,1.0
628,6dde3ca8-778f-496f-affd-e799cb120410,1.0
629,6e1dd24f-b39a-4649-bb2a-7ddf3e9c81aa,1.0
630,6e2418b2-600b-40f4-a952-ff237b5e9991,1.0
631,6ebc6147-2f1a-4537-b703-d22a7a00e843,1.0
632,6ecbe8ff-3e17-4a33-b166-fb8a2580cddb,1.0
633,6ecff28a-abfd-47a9-86ae-44890db2936e,0.0
634,6eee4637-a1eb-4fa2-9236-2825ca6a6929,1.0
635,6f0eb0c5-864f-4530-b166-22c77df704e2,0.0
636,6f176152-bb7d-4d2a-b856-605c8b1dc7c9,0.0
637,6f263ae3-666b-4871-890f-7dbf1ba64bbd,0.0
638,6f321298-9e12-43ce-8328-57b7745bc6f8,1.0
639,6f3de910-cd49-4540-a50a-47f30a0f83ad,1.0
640,6f7623c1-a32a-46c4-82e9-65105c7416e8,1.0
641,6f89485c-095d-45ab-a6e4-5d1bbaecd122,0.0
642,6f943577-ae62-4e53-aab9-6f7034c403b3,1.0
643,6f9d44f4-7042-417a-b5b5-a8f05f0c723d,1.0
644,6fc950b0-fdca-41c3-bf27-b4ba9d4c3e8d,0.0
645,6fd36abc-ebe9-44c9-9be8-890df3a82e2e,0.0
646,6fd6106e-8e0c-4a03-9432-3d7fa4f97943,1.0
647,7003c220-b508-40ef-ac3b-108580d716eb,0.0
648,707a705d-5522-4e74-b707-2df214dffe2d,1.0
649,70c083ff-66ac-4d2d-a432-a91aaa121c20,0.0
650,71412d09-2d6b-40c5-ac47-6b0fc6f0df67,0.0
651,71484ea2-ef80-4604-a225-1170a4c4494b,1.0
652,714b67a7-a20b-49e0-83c2-3191cd706170,1.0
653,71854835-fc3c-4465-9ee9-ffc0822cbbea,1.0
654,7199e8b8-590f-4b92-9c6f-65556325bfd2,1.0
655,719c6de7-90be-4f6f-bfa1-c0cae0d28778,1.0
656,71bb9df8-a75e-4e4a-bd57-2c4d1a8ad13c,1.0
657,71db9e8b-1d1d-462d-ab1e-85b373aff7dd,1.0
658,7204cb54-2f4f-458d-982b-266a055aa097,1.0
659,72110496-8323-4c79-abf2-7880668b738a,0.0
660,723ab410-7cd2-48cc-a8f0-d7981e9b2f12,1.0
661,7263e53c-02e2-4fb9-8055-d8b6a96c3f12,0.0
662,727528be-fbda-4aab-90a4-c36c5d854d82,1.0
663,72936ba8-54b6-40ae-b10f-6b0b649860eb,1.0
664,72a81fac-0419-4c3a-8999-d53b3bd5192f,1.0
665,72b106da-9c3b-424d-8321-e6124e71e48d,1.0
666,72c56ea0-e518-44dc-a7ad-323b24427eaf,1.0
667,7335feac-2d69-43f7-b09a-81b2c5dc70d5,0.0
668,73d52841-dc33-4d2e-8413-be87cd78742c,0.0
669,73dfbbbe-d5d9-4de1-a27a-db02c8bc63de,0.0
670,73f05168-0f45-499b-a140-4b4f42b1706b,0.0
671,73f9d7c2-28ec-4ad7-86f9-c96847a1eaa3,0.0
672,7525ff36-8431-4487-905b-3f20ad5f1be4,1.0
673,75834059-cf79-4bfa-8ac0-e2e07c37e153,0.0
674,75a5ba23-c639-468c-a9c5-fd535f4c020a,1.0
675,75dbc8a0-c7a4-4ba9-933b-c688ca5a4170,1.0
676,75fe6140-cbea-466c-9ae2-4ab07a5c893d,0.0
677,76846378-13ac-46b1-a606-b0e84c8a2843,0.0
678,76d14490-e4a2-4eb8-8aec-84823903e003,1.0
679,7703d0ce-fc2a-4758-a7f0-8e67a22dbad1,1.0
680,775d7514-7a62-48e3-a7f4-391ab571f3f9,0.0
681,776f83c8-596d-4dab-b4c5-eb1936a51077,1.0
682,77761308-9707-498f-9e7b-30943f307a50,1.0
683,77794478-e9e4-4d99-9d18-654204f2166a,0.0
684,77aadc7f-bc1d-469f-863c-181154cc3aac,1.0
685,77ec555a-cd46-4206-bc63-5d49dd21379b,1.0
686,77ed8a13-cc15-48eb-b690-c6a8ed56bb47,0.0
687,780c4783-8c9e-4077-8179-4372a97b499f,1.0
688,784042a5-7f3a-45d4-ba92-44bf1a6dfdc0,0.0
689,78cb0912-bf37-48be-a558-add273e79033,1.0
690,78d64a41-f769-4554-81b2-d4b7d2461514,0.0
691,78fd9155-5b86-4221-9916-52082df4d109,1.0
692,79b9df32-468c-42f4-8120-1be493047449,1.0
693,79c22274-aa24-40c4-bd77-e1556fa879f3,1.0
694,79dbf7c4-2ead-46f0-9aa6-9cdc6cb8e4f5,1.0
695,79e1cb9b-694e-4413-9c3f-e056a999a271,0.0
696,7a493bb2-e486-45c6-9af1-a75a09e1e099,0.0
697,7a676845-da68-4a8b-bdf0-643312b4de44,0.0
698,7a8e927e-cd23-477c-ba6a-a95e0ed618b7,0.0
699,7abbf792-b9e5-4094-acb6-b95995a9ed0c,1.0
700,7b3efca9-53ec-432a-9e7b-f665c69fcb69,0.0
701,7b535b84-bc57-413f-a9f3-673b04dab3df,0.0
702,7b62ed82-3419-41d2-9f60-dccd8fbc0393,0.0
703,7b818ee0-7069-4395-b204-b238b7c4fae9,1.0
704,7bb0d12d-e05c-4032-a05f-191cb2ebbffe,0.0
705,7c04b42b-f911-4149-8bf2-194182033320,1.0
706,7c4037d0-7e03-45d1-81b0-05c378133093,1.0
707,7c820ff3-4c2d-434a-9af1-164c68325241,1.0
708,7c8ce4b2-ede5-4075-89ab-5ec01efc460a,1.0
709,7c954e8b-ba6d-4475-b9bc-831b51cf7faa,0.0
710,7ca7fe1f-75ca-4576-9003-2aa9947bdd0f,0.0
711,7d1da12c-c059-4e10-b7d4-b1f1a7567b93,1.0
712,7d1dd49b-4ac0-4471-9303-e4062e0609ec,0.0
713,7d4638bb-e8fe-478d-a607-93f3aaa0f385,1.0
714,7d592314-348b-4e7f-8854-a5c4a77db3cd,1.0
715,7db6e609-d7e8-4fa7-a162-ed807bc42d2f,0.0
716,7dd53ce6-3859-44d3-b543-846389fb5068,0.0
717,7e61341e-986d-4d55-8792-5072e2f5e801,0.0
718,7e69d2a7-ae3e-417e-a071-27704763bae9,0.0
719,7ecaf384-2374-408f-8039-85149dc0e13d,1.0
720,7f247415-03d5-4111-a3ab-321edbdd8841,0.0
721,7f25b795-3384-4545-bb70-a12a70024e76,1.0
722,7f66e3e8-5318-4d05-900e-904bf18d503f,1.0
723,7f6c99ad-6d72-4fad-a3b2-87448f75ffd3,0.0
724,7fd1ce4d-7ef5-4691-8324-9859312926b1,0.0
725,7fdb58ec-c241-4bd7-a681-43455b07a4fb,1.0
726,7fdcec52-d869-429a-866b-6387d33a8de0,1.0
727,8038566a-775a-45c4-8986-e431488ea364,0.0
728,8095fd59-2685-4aad-9a1e-e560a2095e31,0.0
729,80b76a38-8cfa-4c56-ba75-283a0d96d913,0.0
730,80ba1790-0f56-4da9-aaa1-3df9a328ccce,0.0
731,80f270e8-5da1-4478-9121-eba1e8fabd15,1.0
732,81251c2c-79f4-42d7-956b-c5743fe72389,1.0
733,8143f3a3-ead8-483f-b274-9b3af6c39ecc,0.0
734,81f2bf9e-adf0-4066-9fb9-e39b5c1d4e69,1.0
735,81f78385-cb5b-472b-b70d-fda267163181,0.0
736,820656b7-add9-422b-8b02-43595da0b554,1.0
737,82402ee2-e833-4ea9-94d1-5ab375bb6dd3,1.0
738,82a6a37f-3de8-4a17-b269-9abf1378ee08,1.0
739,82fb5cf5-fd0a-4c4f-be39-8e3a5c8ef050,1.0
740,8306c6c5-bd77-45cc-b033-fb45267372ee,0.0
741,832d63a0-540e-46ac-a83a-43158e6d64ec,0.0
742,8388cce7-0b56-4b77-944e-97a51834b54c,0.0
743,83bba60e-36aa-44c0-a85f-df16c2c209cc,1.0
744,84a220de-b1a4-4abb-9cd7-bfb13ac8990b,0.0
745,850671ad-7da4-4dcf-97f1-bfd827689ca3,1.0
746,8550f8e2-ecbd-484b-b474-80955097ae99,1.0
747,8582ff3e-30ae-4a23-9c04-7a833ba12d1c,1.0
748,85996bc0-e927-41eb-82a2-a10c8d1c3c9b,0.0
749,85bf5870-f287-43ff-8dcb-2f6ae6f9ba47,0.0
750,85c02976-2b8a-472c-a69e-488f38afc35c,1.0
751,85ea6d73-ddde-4600-b1c2-a0b1bd5a90ce,1.0
752,862368c8-4a18-4e8e-943b-ba558c747bd1,0.0
753,86326929-7d5e-43a1-bfa2-61f3f1922ead,1.0
754,8641e89b-429c-4005-88b1-1209bc91a07c,0.0
755,8647c061-f709-4850-9ff8-a848ce5aceab,0.0
756,864956db-11ac-4e60-8c1a-b97c12079d84,1.0
757,869021d6-5fa1-45e8-a0b7-c446c1b627e8,0.0
758,86d7dd1d-00a2-416b-b0e5-101719f5845c,1.0
759,86f32901-24d4-442a-9c8e-e4cb95afa187,1.0
760,870d0698-f50a-4f31-932a-6b9751736742,0.0
761,87107924-7219-4e40-a546-954c4946a6fd,1.0
762,8759f587-55fb-4c42-9c4c-4baf7fef44c3,0.0
763,875ca53a-0bb2-4816-80f5-7e1c101c1d34,1.0
764,877ae042-379b-4bce-bda6-54bfbf120c71,0.0
765,878c26b7-cd50-4dc5-a47b-830f47037007,1.0
766,879057ed-2946-4a4a-99c6-5241957779fe,1.0
767,87954ca4-f362-438b-8f44-c520648542b4,0.0
768,87ac9523-d661-47bf-b09e-e1ed0df3091e,0.0
769,87dda1c4-25c7-46ac-afbb-ab96d085e7f5,0.0
770,87de17f4-a153-4ee8-8ac2-254cd6aee695,1.0
771,87fd2e35-6906-4fd4-9e0f-0f074fb9ffaa,0.0
772,883919b1-4018-4d9a-a553-d45408c8cebd,1.0
773,884191e2-ce0a-42b1-b4d6-bba215959d9b,1.0
774,88b8907c-6f3a-404d-99f5-eff4d253f7a8,0.0
775,89009059-e2e5-48d3-8ad5-f787a9c2bd5e,0.0
776,8900d00f-4353-4bd1-bc22-3e74019392f7,0.0
777,89078a8c-4c95-4b7e-be61-32680ad23b88,1.0
778,891ba206-cf9d-491b-886c-8e1784d351b8,0.0
779,89ba84d0-682e-4657-b779-eac62f62516b,1.0
780,8a067f53-1584-44c5-bfec-2ef3d00a4e40,0.0
781,8a46a702-2f13-40a3-bbaf-28102486f982,1.0
782,8a51eb2d-dff5-4fc0-b661-40898e5bcce1,1.0
783,8a64b9ee-f88e-44b2-b56e-ef05b1118be0,1.0
784,8b238975-91f0-42d8-9514-4dd13ad25c89,0.0
785,8b8bea24-f3e0-4ab2-a98c-93d302cbb138,0.0
786,8b8ebe83-ee3d-4f92-991c-249a543e9b22,1.0
787,8bee5514-5ea1-4cfd-9eeb-f5e64e591f83,0.0
788,8c0a080c-93ec-4584-ad21-f9b185241a0b,0.0
789,8c5c6730-b3cc-4b1f-ad86-bd7831ff096b,1.0
790,8ca4d67f-3774-4af9-87fe-aa412afd7517,1.0
791,8cb52875-7c57-459f-8972-17e608c29a03,0.0
792,8cef07b0-135b-4880-9f49-29b7add03fe1,0.0
793,8d16f319-6b96-40d9-8a62-5fd08ec400b9,1.0
794,8d22a068-4d66-42d7-9757-1f8f7868cad9,1.0
795,8d87890b-fb27-41df-83e9-f4179aa8066a,0.0
796,8ded694a-7880-4b85-8667-3cd1f8a69991,0.0
797,8dfc95a0-e800-44a7-b528-d6b9a31de298,1.0
798,8e021b9e-d49f-480f-bf66-97287ab6cb1c,0.0
799,8e07d9d0-b684-4689-b3af-b9638400ca35,0.0
800,8e1f1f73-cce2-4a35-9c2d-1b46abc4df5c,1.0
801,8e305efe-59b3-45e4-90c6-2dfb4d954197,1.0
802,8e8707a4-d0ae-48b6-9c04-adf4490e1596,0.0
803,8eb099c4-e020-4e17-898d-3ca54704bf94,1.0
804,8eb47bfa-3c1a-4a4e-b07f-cbb27a0edf65,1.0
805,8ece3276-5787-4eea-a684-b10422178c9f,0.0
806,8ede5fcc-3d02-40a6-8cd7-b7f6fcffb60f,1.0
807,8efa165e-e87b-4881-b529-fe861a687e14,0.0
808,8f257671-b303-4f39-a8e5-9511cf114a0e,0.0
809,8f2edea5-c3d1-4de3-94a3-0a7b4850e9db,1.0
810,8f67c36a-5168-4b4e-84b6-17c7917e5c69,0.0
811,8f93ade8-aea3-4bdd-8c27-55d929f98481,1.0
812,8fa262cf-b25e-401a-8870-72fd1090d0bc,0.0
813,8fcc9650-340e-41ed-bb3e-c70887be3655,1.0
814,8fdb69d3-90a2-47e4-81b4-fd45dab7b8d1,1.0
815,900a231e-bbc0-4528-90c2-9fa2bdfb0d95,1.0
816,904a6c09-67f0-4f8e-bc90-78ad36374945,1.0
817,90561c6c-554e-4988-ab06-3e839cb46290,0.0
818,90842330-0924-43da-be5e-9b3b47e94ee0,1.0
819,909d368c-23ad-45d7-9fce-e41cf6d50f01,0.0
820,90affc29-80a8-4fe9-85da-4148fb166fd2,1.0
821,90baefb9-e659-4283-80ef-e4071190e7ba,1.0
822,90e8d390-e608-4af8-985a-4f92f8f9e29b,0.0
823,91049579-bef5-4db4-9576-d121cb367a12,0.0
824,9123f10c-0c44-4ad8-830a-c68a3381fa94,0.0
825,9124c0f4-3508-44a0-948d-59d06ddc7706,0.0
826,916ca477-7922-4b8a-9dd3-95255acfb58f,1.0
827,91a22523-8b72-457e-ae7a-8298afbf5e6c,0.0
828,91c1357c-583a-4145-9f45-737b47eac9b0,1.0
829,91dbcd58-94ac-4e64-92b2-33ad9d1035a6,0.0
830,91f1ebb5-1748-4027-ab58-bf135b7ea1f2,1.0
831,91f7822f-d355-4d71-b5eb-c12eed477cff,1.0
832,9206be4a-1639-4b6f-9f87-997fe5e4c671,1.0
833,9217dcc9-2bfe-497b-9cce-3db4bbca8b62,1.0
834,926777a5-f14a-43fe-a56f-ae7b02627368,1.0
835,92a0c1da-e3b8-4803-a793-c556a25544da,0.0
836,92adb5c1-732d-463a-9d45-48a86ce92630,0.0
837,92b1d724-8971-4e0e-bddf-7b3ea14fc90d,1.0
838,92c42c9f-839d-4759-8de7-ff9b57280051,1.0
839,92c577a0-380c-47d9-a6d3-c0f9b90fcbe0,0.0
840,92de5d57-6189-4065-867b-3b29b2fc12ff,0.0
841,93b156a5-f411-460f-bc9f-bbe0120ae131,0.0
842,93f1c6ca-34a9-42bf-8684-600331838784,0.0
843,93ff8d0e-f89f-49ea-bdb7-c6a316019caa,0.0
844,9440fd3c-1177-4873-b025-9adaf56593c6,0.0
845,944a35b1-4963-4777-8e22-c8ea71a71c70,1.0
846,9475ab16-d24d-4ea5-aa4a-ad4f83575f25,0.0
847,9489ee54-dc5b-4703-bb0f-7e679f372c03,1.0
848,948e5ffb-eb61-4693-a544-24a4d6468a41,1.0
849,948eaece-6958-4bcc-8b83-7ad8d6e4c8d0,1.0
850,94dc0742-fc57-4253-b8a9-f897f2a68409,1.0
851,9500577e-2e78-4102-ba8c-bb5307ac8fad,1.0
852,952e8d3a-b4d4-476e-bb86-1a5eb548cf89,1.0
853,952f8f7f-799c-4bed-9f50-1d59fa4c60a1,0.0
854,95323216-0338-40d7-8792-73161342cc1a,0.0
855,958881ae-53f0-441c-8fff-76bb463d2031,0.0
856,95c09285-2682-4c40-82d6-f33940e233c4,1.0
857,95cbb714-7f9e-413f-8799-d61f5fc1abbb,1.0
858,95e26e1a-97db-4824-9f58-7ee2a6217ee8,0.0
859,965b2680-3950-4ea7-a1b6-f6ce6108a35d,1.0
860,966ff32b-754a-4bbf-873b-eb79c276dcfd,1.0
861,967691dc-18c5-4cd2-90d6-f753d6d52582,1.0
862,96de4cd2-c824-427a-847f-e3f226426dee,0.0
863,970cebb2-f0db-414e-b826-fd30d903027a,0.0
864,9736218e-aa91-4435-94c8-43a760bb7725,1.0
865,973719bf-f05f-49ae-87ed-1a7f2adf93f9,1.0
866,97471160-63f9-49a6-80f7-130532244598,1.0
867,976be2da-3fb8-4fdc-b79b-cdaaa344299a,1.0
868,97a35c24-a8e3-487e-9b59-2214f9513e5d,0.0
869,97a4c34c-21d3-4171-b2c9-4664025825cc,1.0
870,97f01f2a-9fb4-4f43-8c71-8bea553cdc3a,1.0
871,97f6dd2a-d79f-482b-b82d-f66e6ac56d77,1.0
872,97fa1a56-de7a-4c0c-b49b-6eeaf423a2a2,1.0
873,9808778a-69eb-4a69-914c-8f294fa02a5c,1.0
874,98130f8a-1888-4644-8967-c8fe350c14ee,1.0
875,9819d9d5-6991-4698-883e-6d28ed98ae17,0.0
876,9827a805-2713-4ffc-8ef7-b4ce34e4a758,0.0
877,9828a2e4-e941-4e78-bb08-1ee29901a806,0.0
878,98417c95-98c1-4db8-9ba1-e429c561d2e9,0.0
879,9849947f-5b8d-43cf-84d1-dda45db25ef7,0.0
880,984ff5ca-72c7-4568-acef-281a3f6d7018,1.0
881,98535810-5f99-4119-9b07-bcab1498aed7,1.0
882,98b8f025-5b90-4e76-9795-6abfa65f45f9,0.0
883,98c9e768-9f20-4888-9d93-d30e48a6f40b,0.0
884,98d7b951-d720-4f78-a673-f1d8228e8afc,0.0
885,990706fb-cebe-404a-8c4e-65cc30a63224,1.0
886,9908ce7d-3ce2-446f-8fcb-cef6d9524ff8,0.0
887,9987b1a4-497d-4e95-be94-1cdf063b3234,0.0
888,99ad8198-5011-4d3f-a9cd-6a6eb96bcd10,1.0
889,99f1cf98-a9d5-4dfd-9bfb-6683709f660a,0.0
890,9a0c7e58-71a6-4f26-bb42-ead1a040c3c5,0.0
891,9a2143ee-9e95-461c-a941-8de00f716d89,0.0
892,9b1c1cd0-62eb-43f8-bce2-55a3e63ecad5,0.0
893,9b3e96d4-5feb-4c1e-a76f-1e10bd3cd269,1.0
894,9b56494c-5364-4d07-97b8-0921151cb81f,1.0
895,9b59493d-e982-4b93-beaa-2f1c6dc1cbf9,0.0
896,9b61ccf2-2341-4a18-b055-9925a41f9469,1.0
897,9bbab06c-c5a3-4f68-ba07-37a922f5b139,1.0
898,9bc0b8e8-f796-4705-8570-dde02bb09fa9,1.0
899,9bf32b36-9454-4753-869e-9b0a2c1878e3,1.0
900,9bfdeaa2-3df1-4851-b3c5-5ab2443f6648,1.0
901,9c079598-7639-477d-931d-ab4b34f1f069,1.0
902,9c13df7c-f3d1-4d55-9670-f65c36e73fc9,1.0
903,9c49129f-7fa8-41dc-9eae-d487b3cf6908,1.0
904,9cdfb2c4-357b-42bb-a35a-9af554c7961a,1.0
905,9d361f38-f554-4f3b-ac73-5deae354bba8,1.0
906,9d7179c3-9d53-4d54-9042-a37056b62f64,0.0
907,9d7bb826-55c5-4c4f-ae92-88d4c218f888,0.0
908,9dd00f1f-ac36-4009-88a4-89827dfd9f92,1.0
909,9dd87184-c3ba-452f-97cd-80ec22e0a57e,1.0
910,9dd99ca5-e41e-4cb1-b98c-4add676420c9,1.0
911,9e0eb543-5f3b-46a9-8a7b-81d0b961fa56,1.0
912,9e2bc836-4510-4c58-a130-5d4987e78c6d,0.0
913,9e2f3708-3bc9-4994-b47a-2ea6a6f2f735,0.0
914,9e364a40-8723-4391-bddc-7b32ff5a883f,0.0
915,9e68ee41-1855-44ab-9097-e2311e49300e,0.0
916,9ea7f79f-de94-43d0-bf7d-d797796094e2,1.0
917,9f1f1332-448d-4554-af38-a4150aca03b4,0.0
918,9f7b5922-4cbf-4d35-8ff9-7042e9c7051d,0.0
919,9f987e95-f012-43c9-98d6-964922131a9a,1.0
920,9fa5420e-f142-4eaf-a1c2-cbf339a2eb4d,1.0
921,9fb0ffa0-ec5e-4fcb-81aa-49dfb2089bd5,1.0
922,9fd1c821-8479-4f62-972f-840fc11dbbef,1.0
923,9fd3a853-5e62-41bf-bcb1-cf21315daef1,1.0
924,9fdbb0c3-baa4-47a5-9c07-3b3e0cfc6e7a,1.0
925,a0257f6d-c728-496a-98cc-618debcaed76,0.0
926,a025b814-678a-43a6-9d6d-36917e1611b8,0.0
927,a0338d2a-c783-41f6-9a70-ec88bea9f1cc,0.0
928,a03b1b53-0d2b-432d-9e73-fec8126f5045,0.0
929,a079eca4-ea28-4326-a7f1-9db97f58a278,1.0
930,a089c241-397d-42fd-841a-acf5007a2d0e,0.0
931,a08bec6c-d810-4a3d-9a29-144d18e61ca9,0.0
932,a1c9b78f-0a7b-4178-86a7-cae2c1944c2e,0.0
933,a2403b4c-7a58-4a4b-b220-9bbe240b389d,0.0
934,a247c218-c721-4a67-a57b-b2c2514d202c,0.0
935,a25d5f3a-f91e-4bca-8340-740d5049f442,1.0
936,a2799d7a-7a3b-40b0-a353-070b703b727b,1.0
937,a285f81d-6f14-4e42-9ab5-16753c6516b5,0.0
938,a2b17ed7-cc6c-4341-89f0-9ee064f54771,1.0
939,a3422801-4034-48b9-a8ec-fe8e23ca47ae,0.0
940,a35dec8e-4e94-44c0-aa84-c95aa39b1d46,1.0
941,a3636614-43c7-43a3-bbf3-5b83058f8298,0.0
942,a3839bda-7159-4778-b0ee-79ada5408056,1.0
943,a3966149-484f-401c-8806-3d352f5d6e3f,1.0
944,a3fd63aa-7dd2-437f-9ed0-823994bb85ac,0.0
945,a418d792-852a-4f00-b38b-f6053fe06aab,0.0
946,a4267e4d-b066-4e0b-8efa-fa1df6fcb2fa,1.0
947,a46dbc3d-5044-41b3-ad3d-548bf0ccdfa9,0.0
948,a4b44657-ba24-4a82-a9b7-5b0872cf28ff,0.0
949,a4db9026-28cd-4957-bdd5-ddfb582558be,1.0
950,a5106f80-1e12-4e9c-bba1-b280a3e8b33b,1.0
951,a546b2c1-e106-470d-aedd-55d15cf40e7a,0.0
952,a55e92e4-0e7e-458a-a0ad-071dde737046,0.0
953,a568100d-d68d-4e00-af1d-bf7369867aca,0.0
954,a5ea74f6-96b6-4db4-a142-a2a59471807b,0.0
955,a6081621-0d08-4553-a175-31ce380275f0,0.0
956,a60ef134-7355-4fa9-82fc-5706f1764128,1.0
957,a616e2a2-ca6d-4b14-b5d1-dddb753e3968,0.0
958,a674d41e-16c9-4461-8305-dcdf19a7a31a,1.0
959,a70c8b28-d2e9-47d9-8c26-d33ddd0865ac,0.0
960,a716c398-446d-4049-844c-54198162da2d,0.0
961,a74f06ed-e9e8-4de4-8af6-6caaa01febc6,1.0
962,a78c8ea4-8616-4c9d-95db-0a061a3b4d20,1.0
963,a79fcf5c-59b4-41c0-b0da-cd089a7d8f1b,0.0
964,a7c9404a-31f2-4c41-acfe-efcf760ec15e,1.0
965,a7dfdd90-5506-4746-85be-45d1d64b8722,0.0
966,a7f13519-3887-40d2-9e20-cfe685e7cd60,1.0
967,a83758ae-8369-4d90-bb17-ee267b007c96,0.0
968,a83f1422-395f-4e1a-83a5-106294818fa5,0.0
969,a84ad9fd-accc-4953-8621-99cbdcde2133,0.0
970,a8642a53-f45e-42a6-a96c-3143aaeee006,0.0
971,a885cf17-5c11-4249-ba5d-8503a06a645b,1.0
972,a8c4854b-53f3-4f62-a5b2-365aa9214e5d,0.0
973,a8cc920d-6f40-45df-8e53-571f38d8397b,1.0
974,a8e290d0-adaf-4f46-8142-6b9182a20c21,1.0
975,a928081f-8bb3-4107-85b0-262215b6281d,0.0
976,a9418f46-d323-47ea-b9f9-7697b05a5e8d,1.0
977,a9739e76-e521-49db-b0d0-88d85cb8f4c5,1.0
978,a996f727-802c-4b70-9e94-d740f75380eb,0.0
979,a99c2fc2-6ad3-493e-9cf5-842c1362c9a1,1.0
980,a9e6eb28-6308-44dc-8e13-14a9a9f347ed,0.0
981,aa16ebdc-b41f-401b-8588-2d29836c1b33,0.0
982,aa4cf7c9-0950-4809-8faf-4f30f04faff4,1.0
983,aa6d4f15-1ee5-4dff-8f71-b4488ae6640a,0.0
984,aa871a6c-4e96-4f04-bfe0-15417b73cd3e,0.0
985,aa9938f1-5375-4aa2-b7f7-7b25e02f1608,0.0
986,ab2b5928-072d-4e88-84b3-4619121de33b,0.0
987,ab502412-477b-4e24-9121-d0550fedbaba,1.0
988,ab6b46de-db74-4704-98df-99afecdbd87f,1.0
989,ab8808e5-c726-46e9-ab49-b2dd265599b7,1.0
990,ab9a4866-9d78-4b1f-a61b-b77a2d169d0a,0.0
991,aba28611-9fe9-4f13-a768-2b0ca97bfd10,0.0
992,abc83aa1-5cf9-4815-8b14-388c7508394c,0.0
993,ac874337-14b4-4229-8af5-bf2c324b34cb,1.0
994,acda965f-8edd-423a-af1e-eda0a69b1dbb,0.0
995,ad26b99b-fbe6-4939-8184-b92085759ece,0.0
996,ad47ef56-0212-4182-9f17-a29a00f9ac0e,1.0
997,adb85e6f-92c8-4074-a2ed-17cfb99e964f,0.0
998,adf07e79-10e2-47a5-b4f7-793df33db506,1.0
999,ae3c1b43-6365-43dc-b0fd-d406d13c0dd6,0.0
1000,ae73ba77-b29a-4bbf-a921-58c54ecc9939,1.0
1001,ae83f012-b196-4a77-99ee-8186e4cf52fd,1.0
1002,aeeac7c8-e84c-4f6c-b950-badd4965a86f,1.0
1003,af1ee329-4c7a-4e0f-81d2-b732e752427c,1.0
1004,af1f690e-b4d6-4465-9545-2661053c3b3a,1.0
1005,af269d0d-12c4-4fc4-8379-29f2191bec78,1.0
1006,afd7cc39-45d1-4d21-823a-436fe6ddce70,0.0
1007,aff0f5d0-3f3a-4205-96ff-fb00c5e88302,1.0
1008,b02ba1fa-9f88-4ff8-a90d-30e99c689c47,1.0
1009,b0326888-1f7a-40cf-ac28-982a5b1a947d,0.0
1010,b0341ce4-c36b-410a-8297-7affdf25f87d,0.0
1011,b03d3ec0-4a83-4d8e-b02e-2d11d1df8565,1.0
1012,b0430e56-5dad-4796-af19-b35545899b82,0.0
1013,b05a6ddb-736b-44b8-835d-154b04561d7d,0.0
1014,b06c0d28-5e1e-435b-9fa9-1aa5f8309cec,1.0
1015,b0b4a0b4-80bd-4cba-bb26-dfd4bf22fcf2,1.0
1016,b0d9527d-dcda-4a7c-98f5-59b2067a7305,1.0
1017,b17c3440-a3e6-4ab0-9de9-393d77160c75,0.0
1018,b1b4f922-ae11-4ab8-9f82-9dc7d2a7a534,0.0
1019,b1ef9989-ba79-4173-8708-db283d83b838,0.0
1020,b1f00947-a1e8-4133-9f0a-35b8aa3d2a26,0.0
1021,b20d1f78-e9ea-41b6-bef2-b1be4d1fedbc,1.0
1022,b22c4eac-6ef1-4b3d-be18-4ba00da7dc42,1.0
1023,b2501301-94aa-4680-b7cc-3ef9785564bc,1.0
1024,b29a57c8-201f-429d-adfb-f4070d96fdd1,0.0
1025,b2d6b793-bbba-414a-b2f9-d0fa93d3fde7,0.0
1026,b2edd0c2-061c-4711-91e4-b9a61794a73f,0.0
1027,b3035b20-55cf-4a6b-915d-4d27086c23b0,1.0
1028,b3167b9e-cb16-4658-9d3a-4d79ad578262,1.0
1029,b328f9f9-4acd-411d-82cb-6fce6cedeac9,1.0
1030,b337139e-d13b-4286-8fad-1c40edbb2e03,0.0
1031,b33fc783-e561-4666-9ea0-bd3d1b1bd28e,0.0
1032,b3f62d87-2912-4a68-b9dd-fbfba796eb55,0.0
1033,b40cc4e0-16db-43fe-a795-5d45659c606a,1.0
1034,b45a4d92-1fb3-431c-b732-bdd2274f2484,1.0
1035,b4901db2-5ea3-426f-94ed-714c6ef4d04c,0.0
1036,b4910d3c-0ea5-45bc-a0c4-c0ec43f1f16b,1.0
1037,b49fab13-4660-4b77-b8be-efc97da8e750,0.0
1038,b51dec13-998d-4ade-8867-f1e410f035d0,0.0
1039,b521474e-f93c-4bc3-8501-906927a4f433,1.0
1040,b5439249-34c0-4b6f-8143-0af1763271d3,0.0
1041,b566b4aa-5256-4c0b-8654-05a7aa1e17e9,1.0
1042,b5a35c01-60a8-40c1-a2bd-4c85669a647b,0.0
1043,b684b229-042e-4466-a3d3-bacd4cd1cd3c,0.0
1044,b6906cb8-ff6d-47c6-851a-443abfd45fd6,1.0
1045,b6bcbfc1-2f30-48e8-81fd-5dbfed8795f3,0.0
1046,b6f9223c-8ebc-4bae-873e-3bd57f5db943,0.0
1047,b806a4e4-dbbf-43ec-a8c0-fd7745f35245,1.0
1048,b842eabf-1383-491f-b707-b5d29525c7e0,0.0
1049,b87eef05-b11b-484c-808f-85d6a440eec5,1.0
1050,b8b91680-f567-4a84-83d0-8dda182c8bec,1.0
1051,b8d37096-e7a4-499a-a3b5-7b5a8295326b,1.0
1052,b8d53310-8957-49c9-99df-060a1f91c31b,1.0
1053,b8f5e2c2-6711-41ea-803a-71f698a6f386,1.0
1054,b921d368-0bc6-4f18-8aff-c5c9fe7864dd,0.0
1055,b9377ce3-7e46-4427-b938-ff6d3a763ec4,1.0
1056,b96128be-0301-4602-9fcc-898819fd098c,0.0
1057,b98cdf3e-cbbd-430e-8537-2bf9d365e34b,0.0
1058,b9a31c58-e0a7-462e-848c-be09459ab82f,0.0
1059,ba4808a5-5c15-44cc-aba1-b6b1058b8682,1.0
1060,ba975822-c291-4cb2-8a8c-7119a7a2d5b5,1.0
1061,baa10032-1b8d-4ca0-b2fe-2861f8fd7baa,0.0
1062,bae86d17-ca9b-4fb8-af3f-fab4f21906fb,0.0
1063,bb229d7c-318d-4160-a82c-b68a9f933d8a,0.0
1064,bb386e4b-4e22-46d9-9bed-040c9e216eed,1.0
1065,bb541b22-cb94-4283-80af-46180dfe156b,1.0
1066,bbbbe39d-925b-45d4-8b0e-35651bf71062,1.0
1067,bbbd0f9d-fbd1-494b-8bb0-7f86c0ab6c48,1.0
1068,bbd5783f-1326-4296-a7c2-79004e91ea0e,0.0
1069,bbde8af3-bdfb-498a-87c0-828d36916a53,1.0
1070,bbec6b1c-a04e-41cc-bf69-6c7382ddf4b3,1.0
1071,bbf4b6cd-3e50-4ebc-91b8-a3373f204dae,0.0
1072,bc0df6a3-75a3-4ad5-b47f-770f5dcd5024,1.0
1073,bc245e1c-76f4-489c-a0e6-5457cea97d9c,1.0
1074,bc3b851b-a9c5-4671-a8ff-d1c645aa5ea3,0.0
1075,bc82868f-398e-43d9-8b90-387967a1428f,1.0
1076,bc9b7e42-69c7-4de9-8e04-da27d6a410e6,1.0
1077,bcb07085-b230-4a50-b42e-9e98af1e7700,0.0
1078,bcca1931-6117-41ab-9fe9-5162bd2fd882,1.0
1079,bcd3b3b5-73f9-46db-97e3-d85276f2a848,1.0
1080,bceec293-19b0-4130-855d-b2ec42b1b64a,1.0
1081,bcf9d154-a46b-44f6-87b9-a1f3d5af37a7,1.0
1082,bd0cae28-48f8-4067-ae7d-d47c82e979bd,0.0
1083,bd116a37-fab0-41c0-846d-730eddd4363b,1.0
1084,bd63f114-f067-455d-b8dc-b25b8dbb4772,0.0
1085,bd9732df-f22c-4d60-9caa-0f809e2c9926,1.0
1086,bdfebe17-bde8-4da0-8109-e1ba042211d0,0.0
1087,be086764-4cca-4bd7-a26d-9bc35f3ef7d2,1.0
1088,be31bd95-2dcb-439b-900f-782232145110,1.0
1089,be58c328-3187-48c1-a7c7-c2401a8fe858,0.0
1090,bebbbd54-eca9-4abb-9a47-cdb307fc9a1c,1.0
1091,bed6c4ab-8e0d-4176-8fc8-8bf3c5bb5cb8,0.0
1092,bedf16de-4fcd-4070-bcf5-392a91ee02f3,0.0
1093,bee77541-8b83-4a88-be0b-27a2e949fdf9,0.0
1094,bef3ff44-4f15-4697-ac36-c4e72c7ef120,1.0
1095,bf09e57e-ac80-46db-acd0-6c26add59230,0.0
1096,bf4eddcb-6a4c-4e66-9d74-8d34fa3ce7be,1.0
1097,bf764a90-1a39-47d6-b434-619f6c57330b,1.0
1098,bfa82e40-5f37-4506-9d91-c37b381072f9,0.0
1099,bfb68118-0a45-4b18-9bb1-433475a72eca,0.0
1100,bffd0149-ae43-4547-bdb6-90158ab44c14,1.0
1101,c01926cd-4c87-43b1-806b-ba654c1327a7,0.0
1102,c0a06c1e-e309-4ce9-98df-836dc54eecc4,0.0
1103,c0b7b19e-5065-4dd7-9899-8c25d87fbadc,1.0
1104,c154c9ae-32a0-4a7f-abb7-7b73f4e45824,1.0
1105,c15ad589-6c83-4d89-8b1a-bf1ff5bda689,0.0
1106,c173fed2-b819-43b6-bc0c-3551cc1f6673,0.0
1107,c1b5bc5d-10f4-4456-b322-b120eb0d6bd8,1.0
1108,c1c62fc1-8811-4a16-98ac-49345aafa28c,1.0
1109,c1f168b1-2dec-407b-90ce-b0229820ff12,1.0
1110,c2111d6c-0d3b-41b6-9f40-629d890ba6b4,0.0
1111,c249be57-9c6e-4d08-8a2e-fc4170aa76e2,1.0
1112,c31ab9b8-db4a-42ee-8266-7a0ac041ff4f,1.0
1113,c31c29e1-8e37-45cb-bf02-2d2a41262e4a,1.0
1114,c357f910-aeb9-4460-8959-f8dc90241567,1.0
1115,c3873850-d181-4cc1-8314-89ef511d3759,1.0
1116,c3c0bd3a-9c9d-4f15-a7f7-a50156e7c65d,1.0
1117,c3c8193e-714f-4eb9-8743-0e2df6c0b8d7,1.0
1118,c3ff95c3-6b87-466d-b4fe-92e6bb82e46b,0.0
1119,c4159762-5d23-43c2-bdbb-8a65577f118d,0.0
1120,c41e65e7-45e2-4c73-bcbb-a38672ff6f14,1.0
1121,c4627ac4-8b8a-4a7e-afe0-7736dd347937,0.0
1122,c4712887-9291-4cc7-a58e-7b71e4b9947d,1.0
1123,c4dd67a6-d660-4eb5-a84b-55fc7e9bec81,0.0
1124,c525b66f-5c66-4f6e-9152-0d12bb0dba2c,1.0
1125,c5a9b5d2-9a8b-4072-8e7a-7f01d8c767ce,0.0
1126,c6601d0e-1ab5-4f19-9391-082c5ac51ed4,1.0
1127,c669c5c4-62ce-4fba-8f91-a4dc45b096d1,1.0
1128,c6e5e216-89b0-4b7a-bcef-fca8ea8b7e1d,1.0
1129,c71263b4-af26-4193-9030-dc87ccb5927b,0.0
1130,c72255c4-8275-4167-b2c3-b30872392820,1.0
1131,c75f9f97-a280-4a65-b805-d145cad40da8,1.0
1132,c7a8cea6-4294-45ef-9d6f-d32d5d87edd0,0.0
1133,c7b72752-9902-4489-bad4-2c671138e919,1.0
1134,c7e1ab4b-ba87-442c-b7d0-f76ef049e122,0.0
1135,c7f733ec-1483-43d0-9cbe-e3e29ae8390e,0.0
1136,c80196b9-3c3a-44bd-87ca-097fddba1548,0.0
1137,c81e6c09-5751-4c87-a3fc-9ecc37500d7a,1.0
1138,c87e8e53-deb4-4f18-a52a-6f9c713a08b2,0.0
1139,c8802664-a2c2-407f-b054-60a0b3d2b8ef,0.0
1140,c8804271-81cd-41af-b3eb-f625ed302bf1,1.0
1141,c8a1cdd5-cc3d-469d-82bb-0fa1e4eeb340,1.0
1142,c8b92404-4379-4cc5-aa74-31c2d4debd99,0.0
1143,c8e0226e-af39-4875-b0df-14f2a97bd881,0.0
1144,c8e0793a-9aa0-41f1-9732-69497e1f2fbb,1.0
1145,c91ed994-19e6-45c0-b4f6-0829a148b790,1.0
1146,c94cc67f-b05d-49c8-aed3-eed34dbc8506,0.0
1147,c9ddc4d5-cf4d-466a-bc91-3aa8b58d3a42,0.0
1148,c9edf732-b34d-429c-8d03-73c31e3ee21b,1.0
1149,ca0fe7be-c860-4cd0-ac49-45a66b4f602e,1.0
1150,caa61869-114e-4c57-aab0-df8353431018,1.0
1151,cb32362d-2f6d-4cc7-b226-b581869dbb2a,0.0
1152,cb5fbc22-687e-4b8d-bb35-9549ae8d4034,0.0
1153,cb6b1b0e-4089-4b66-bee5-30e3cf85dd76,1.0
1154,cc45b580-e6f7-4426-9485-5130905dfddc,1.0
1155,ccd2b566-3149-4f97-94cc-38ea98e0bda8,0.0
1156,cd3a685a-a31a-4992-baeb-04f522709310,0.0
1157,cd40920a-42dd-4d99-b71a-782db16920ba,0.0
1158,cd6d57b5-244d-4794-b49b-c4082a1528af,1.0
1159,cd86edc0-ec21-412c-9026-3c063f1bd89b,1.0
1160,cdb13694-ea23-44fe-8118-550f69cfe988,0.0
1161,cdcb4f6c-5519-4b20-a769-38aa52866e3e,1.0
1162,cdfe4a70-1c4d-4771-a5b9-603333206cbb,0.0
1163,ce22c3e4-94bc-4b45-89a9-f3c234f4f728,1.0
1164,ce892c50-02a3-44b7-a09f-830123c693f6,0.0
1165,ced2b6bf-a159-48d0-9afb-46f29ca0a84f,1.0
1166,cf45d3ee-e4ce-42af-9fa7-826ce8394548,0.0
1167,cf95ce67-21c4-44a2-8b98-88da074e0b23,1.0
1168,cfda9fb4-3f41-40f3-81ef-eee977dc1abc,1.0
1169,d01896b6-fd03-4ebb-a71d-05d34e74a9c6,1.0
1170,d02585cd-a2dd-46f6-aa1e-e02c25167e3c,0.0
1171,d02ffb7b-d834-4dee-8fe3-8af9e7f48e43,1.0
1172,d060d5f4-0469-4c2e-977e-81bb624222c5,1.0
1173,d0c0554e-f010-45b7-ac75-c220f47e43a8,0.0
1174,d12db347-b0be-4cab-8e23-25279e0318b6,0.0
1175,d14cbcc4-021c-4d5b-99a3-036f01285931,1.0
1176,d17b577f-01d2-4a99-ba72-c0c6739f91ab,0.0
1177,d1a4fb64-9a23-45fc-873d-12b5d5d33fb9,1.0
1178,d290a4c6-ff7b-46cb-bf26-9bc80dae3825,1.0
1179,d2b48853-da47-4b86-898c-4feb97052272,0.0
1180,d3047ef4-08f1-40de-8e65-5aabc6dd936d,1.0
1181,d34d88fe-4c02-410e-be6c-662d4c953007,0.0
1182,d38bc207-ac4a-4789-83ac-bb46b96645e7,1.0
1183,d39a6228-93b1-402f-ac0d-fdf8ae25d928,0.0
1184,d3eb919f-71de-4d75-9a77-6d446dc08cfe,0.0
1185,d449c5a5-3536-477a-b015-aaac571e1fde,1.0
1186,d4740b06-ee15-4588-b4d5-e5bbf3719c63,1.0
1187,d48dcbde-2c65-4344-85d4-b4d7d7456a95,1.0
1188,d4a3ea70-be08-49a4-8085-41fedccc4ed4,1.0
1189,d4a7389b-0302-45e3-aa53-76ccc2e28ef8,1.0
1190,d4d41530-ee1a-4688-840d-ab31b91857a5,0.0
1191,d4e5d5ed-e906-4f77-8836-7f2ea7f30ce5,1.0
1192,d4fb0629-95e4-45ae-bfb0-d5fecbd8c1b2,1.0
1193,d581c5de-bdbd-4867-9400-6e2dc8c0a668,1.0
1194,d5a390b7-7de4-4cfd-aad3-9987bf52469f,1.0
1195,d5f82255-39c4-4a2c-913e-858a008161ca,1.0
1196,d60a641f-8b12-4b65-84e7-9b83d385620d,1.0
1197,d61a536e-afc8-477c-942c-752249c4290b,1.0
1198,d68720fd-c09b-42f1-b52b-29846b81e470,0.0
1199,d68951e7-2f0b-4882-8b87-54c8f862e810,0.0
1200,d69aecdf-ba67-49fe-baca-9a1600c58158,1.0
1201,d6cef9ad-6915-4c94-972a-7925c2e0e76b,0.0
1202,d7121a07-fdcb-4f53-87ce-6b979e1089cc,0.0
1203,d716c502-a133-4b9d-a20a-d6469e62cdbc,0.0
1204,d7387c0a-ca60-476c-8f17-aaafc71abc83,0.0
1205,d73b6ec8-d4ab-482f-94bf-71f451cff541,0.0
1206,d767134b-5f52-4020-8f86-054f224587a3,1.0
1207,d7bb742f-6d58-4c75-bc83-851a9cf19aeb,1.0
1208,d7d00d19-4a6a-4623-93c5-ed9f8b01cbcd,0.0
1209,d7e9baad-9722-42a9-b5e0-3a9add3162c6,1.0
1210,d82c11ae-8f89-4df2-b90e-e6e9c96fd8e0,1.0
1211,d86619d7-98b4-496b-b8ca-cd03e711c232,0.0
1212,d87f58a8-070f-487a-b8fa-42b943eccab7,0.0
1213,d889b29b-3dbe-47eb-92ba-4ece3856a44d,0.0
1214,d8a4a8dd-1134-466c-afe2-8ecaf40d7df0,1.0
1215,d94aed4e-f711-437b-a477-bb562df8ac4f,0.0
1216,d951a9f3-9834-4a84-b253-9a3aa3af7d33,1.0
1217,d9522258-9e9a-4224-8df4-42a25c2e22b7,1.0
1218,d971e42b-c006-459f-a3f8-fdb245266b3b,1.0
1219,d9a5063d-d647-4c69-9dea-f867c888436c,0.0
1220,d9c20ac9-3602-44ee-9724-718d45bc6f05,0.0
1221,d9cf255d-6a23-4447-8bfd-b0d83a9d0f44,1.0
1222,d9d088a2-f9e4-41ca-b7bf-2caaee395273,0.0
1223,d9f8bf36-c8f7-4542-964b-c44d4d49bd6a,1.0
1224,dacc2672-6841-4c08-9ec6-df33b76ab0c3,1.0
1225,dad1f252-693b-460b-a336-ee664786729f,0.0
1226,dad80f66-8f0a-4961-bf35-5b8d686045ac,0.0
1227,db83e741-1754-4c01-9e1e-d54a94fe4174,0.0
1228,dba41c10-cf5f-4314-a8b3-7f8e3dcf113c,0.0
1229,dbf5eac2-00e5-4613-a5b0-e0b586465820,1.0
1230,dbf8844d-b893-4a88-b0f3-29ae1a0567f3,0.0
1231,dc1a75b0-d9c0-4235-86e9-3dea41f60e94,1.0
1232,dc3e6a4b-019a-4094-8c76-3fb56912aa1d,1.0
1233,dc6c9b5f-1dba-4545-a8c6-96cce6679f86,1.0
1234,dcb7d211-70bb-46ac-98bb-a8548f1bc92d,1.0
1235,dcbe278d-5c50-4679-a181-ce523eaea69e,1.0
1236,dccd12a6-3014-404e-a26b-d36de2e4d864,1.0
1237,dcfb2055-83bf-4af0-af4f-23da79d603d0,1.0
1238,dd0d6c66-5b89-4813-a8a2-afa487265f0c,1.0
1239,dd1467ff-e207-47b5-a751-df71bfead119,0.0
1240,dd1ce098-5704-4d6f-9262-c72664e42a71,0.0
1241,dd546792-3bcd-4890-bb21-e63aa2fc7eed,1.0
1242,dd97190a-01a9-4234-967f-dee847bdd0db,0.0
1243,ddccce03-a0e7-419b-9eb8-baad6430857a,0.0
1244,ddce8409-91e3-40f4-bb16-ed9f07d7b0da,0.0
1245,de75f102-71d6-4f91-9c91-61859aa73f98,0.0
1246,dec0a26e-40a6-437b-ab04-1f499aa128a4,0.0
1247,deecad4c-86c9-4b06-9e6b-68679c5cd658,0.0
1248,df038094-bb7a-47d1-9b97-2c122a57f55d,1.0
1249,df102d3c-159c-4391-ba2e-b8e768a8285a,0.0
1250,df1154d2-4c42-483f-a7f0-2ab07d74290f,1.0
1251,df2f9398-015c-4095-8de3-b5499abb18e7,1.0
1252,df448b10-02e2-45b2-ae78-daccd44013d1,1.0
1253,df5b9b75-f15a-47e9-b617-503fb49ec79f,1.0
1254,df686ff7-2f5c-46e2-99ca-a6a7ad6269f1,1.0
1255,df8a474f-28d6-4a6b-af42-68581d6de74f,0.0
1256,dfe50ab3-2403-46f9-af6b-0e36eec8b5ba,1.0
1257,e02fc04c-e770-43cc-86b6-ec5eaec5dbb9,1.0
1258,e0585cd8-f632-493e-a094-2b51515cc14c,0.0
1259,e0758d03-6673-436f-a76a-78bd9012c286,0.0
1260,e155baa5-a9ea-480e-aeae-e1f9fe80890e,0.0
1261,e1b30db7-d90a-47be-a5d0-5e3f957e51ae,1.0
1262,e1c7fa4c-5046-4793-8c78-4d90d042e77b,0.0
1263,e1e898a1-11d5-40b2-9716-05a37212e4ac,0.0
1264,e235b72b-5583-446f-bafe-9062c807d3c0,1.0
1265,e23c83a4-9c2a-45dc-8684-1f92ec8b9c88,1.0
1266,e264e189-5976-4a89-a9a0-2aaa3dc352d7,0.0
1267,e26c7fa1-e0e7-41be-8640-8fe3a3f6ed2b,1.0
1268,e2ce2c31-b24b-4461-b517-13ded983a417,1.0
1269,e2fa8cc8-3802-4cdb-8440-a6ccc8897892,1.0
1270,e30e4673-c4fe-4beb-9f2b-fc0adc525cae,1.0
1271,e31579f4-31cd-4c80-a859-2197a24dc7a3,1.0
1272,e34e6c3d-e814-4edf-9797-47e049dbd03b,1.0
1273,e37caf1e-940b-4fd6-8521-ede2f61547d3,0.0
1274,e3b361e9-041d-4cf9-bf6d-5aba9eba10af,1.0
1275,e4aac587-beb3-48e8-83da-ac099b2753e9,0.0
1276,e4f0adf1-e419-470f-a2b0-7fa00a921b0c,0.0
1277,e4f87d0a-5474-4bc3-9022-77e0a817e595,0.0
1278,e4ff8b4c-b86b-4174-ade4-ce9f99b01386,1.0
1279,e51e4050-8205-4c84-ad71-7b311429733f,1.0
1280,e53be97c-1c0d-4aea-b639-0cdc917929a7,0.0
1281,e565d1b3-bd5c-4cdc-a3f1-e8d311b24428,1.0
1282,e5896c99-dc92-4d02-96d6-72d3563e2788,0.0
1283,e6c0ee88-be22-4f37-87be-4a4f1c09504f,1.0
1284,e6ce00cc-3895-40b5-83ba-4abf605a1715,0.0
1285,e6d0ec37-b0eb-4bd9-9948-efa41768461f,1.0
1286,e73dcf45-0b8d-4035-96ca-1fa16a83b363,1.0
1287,e76914f7-74f6-466e-8f2d-1445060b5b5f,0.0
1288,e7dde0c1-9648-4639-854b-111703018698,1.0
1289,e818eed0-ccce-4477-89a7-d543eddda746,0.0
1290,e8ff1c61-a17a-4ecf-bb5d-c29e6691bee7,0.0
1291,e90c3b7f-72bd-4496-94b2-b5331e644b0b,1.0
1292,e93f2de4-002a-44fd-89d2-5241d2d276f8,1.0
1293,e97db698-4632-46ac-bc91-9a5af18cd285,1.0
1294,e9bbf972-c4e2-4b43-863c-ea476b5782e5,0.0
1295,e9d770c5-3879-4122-b4e9-b194903327df,0.0
1296,e9f4e0e3-a36d-4596-8493-6ea475b9503d,1.0
1297,ea29ab24-845b-4e0c-985d-b7f6145a3a81,0.0
1298,ea3046f7-1a9e-48fa-97d1-8836122fe7bc,0.0
1299,ea461673-0eab-402d-9fd2-2f5bd52cb559,1.0
1300,ea6ce0a7-d4c7-4af9-842d-260dac27c20c,0.0
1301,ea70af49-a52b-4aa8-8d3b-843ecd7e1471,0.0
1302,eaa43f86-9149-47b4-84de-905eed5f77d3,1.0
1303,eac3367a-5025-4ce9-997f-0254d85b681c,1.0
1304,eb973646-9696-4d41-97b5-21e5417b7505,1.0
1305,ebcc176d-6039-494e-a35c-4aa977eef27e,0.0
1306,ebf1c432-f1e2-4522-9b9a-6e3b69863f32,1.0
1307,ebf2539c-5f2e-4898-ae93-c0684ef1f658,0.0
1308,ec4f9496-6e5d-4896-be37-9de7e78c7d27,1.0
1309,ec56793d-0113-4715-9edf-f9510f81bd68,0.0
1310,ec6ec4d3-4f58-48e3-a549-225127f99f65,0.0
1311,ec7a8109-59f1-4134-954b-32db43ca6037,0.0
1312,ed1d9f4a-859d-4723-8999-2bf8b949f973,0.0
1313,ed3ce670-4b66-4158-9425-3f85553bc066,1.0
1314,ed6cb8bd-de26-4e1d-b95b-bb04579229de,1.0
1315,ed814610-c365-4f40-8a67-e82294a1dd18,1.0
1316,ed866470-ed17-443b-afe2-05b526bacdb7,0.0
1317,edb96c0f-d393-4c9d-99ba-d74ea49b2fff,0.0
1318,edfcfa26-d4fd-4ccb-b695-91800d6cb26e,1.0
1319,ee1e3bda-7836-44a3-9352-cc081679ee66,0.0
1320,ee2c9db9-b99a-4433-878f-8293493bca0a,0.0
1321,ee2e7d5b-b716-4935-a4b5-60c0670843ed,0.0
1322,ee3b775b-afa9-4a17-bb0e-2820f73d2d7f,0.0
1323,ee46f00c-4fe5-407f-bb37-f8b86505832f,1.0
1324,ee5e4a75-500b-49ac-b645-a11b8fa719fc,0.0
1325,ee757419-c777-4909-bd1d-a78652b68210,0.0
1326,eee101e6-603c-4659-b8d3-8e7cfe76955e,0.0
1327,eefd4682-3d97-4391-bfc1-198bb4d42465,1.0
1328,ef0e9496-39f7-43d1-aac9-44a2daa2d835,0.0
1329,ef1f0764-7b78-435e-ad80-ad33d0a4bc97,1.0
1330,ef483704-c36f-463f-ae3e-c14b461a5910,1.0
1331,efa0cbcb-45ee-4e63-92db-c4c85ee09599,1.0
1332,f0209adb-a1e3-4145-a783-a5132e34f9a5,0.0
1333,f036019b-783c-4905-a1b7-84987ab460a2,1.0
1334,f1317920-b12c-4b89-834e-07096dc40f18,0.0
1335,f14b1e71-ac83-4b3a-b718-2449ab8dafcd,1.0
1336,f15c266f-0097-445d-af24-6da1d6bf5d90,0.0
1337,f1db7e97-352f-4e2c-853f-fc5ed9fb1c6e,1.0
1338,f2a05d80-16a1-4210-a743-bd712bb9895c,1.0
1339,f2b6b867-32c6-465f-99ee-01c433acf971,1.0
1340,f2db1153-5338-4bf9-86ac-f108ace5c7f0,1.0
1341,f32139c3-a196-4363-a0f9-58e5964d940e,0.0
1342,f32fdc49-01c5-403d-ae0c-333cedf54312,1.0
1343,f365f389-f94a-48a5-958d-3675f1f1a574,0.0
1344,f3bedf9a-3288-4587-ab3a-3993a9cdf485,0.0
1345,f3cadc6f-fe38-4688-9120-e8078feac73c,1.0
1346,f4063517-0538-4d90-98db-3fecf9694be4,1.0
1347,f41014b3-f90d-4e8f-bae1-a1fe4a525461,1.0
1348,f4125b9d-48ff-49a0-a30e-8d9ded5156ce,1.0
1349,f46939dc-f58a-46f5-a733-5087f777cf2a,0.0
1350,f4a13f0a-6e46-421b-b05c-c84670358362,0.0
1351,f4dcce92-e5ab-41a7-89db-2e4d045271f9,0.0
1352,f50bed8a-3cfa-44d2-9ece-b4dfeb3054f1,1.0
1353,f5708513-05a9-4fa5-a07a-e86674ca9a79,0.0
1354,f5733932-7e98-4cf1-929f-b88712642690,1.0
1355,f5b91d86-8aa0-47ba-af3e-0815f8e7e15b,1.0
1356,f5dd3244-2744-47c9-910a-5a7cbcd54d85,1.0
1357,f6031afa-a758-49c1-8ddf-dd0ac74ac5ac,1.0
1358,f6173c0e-b8c3-4372-bc30-fb1cd86e5ea6,0.0
1359,f66b5331-ccb5-462a-9856-e2363dd46a40,1.0
1360,f66dc0b7-e832-482d-8d3c-50ba3491bbe4,1.0
1361,f7001090-b924-4860-9a0a-3d49ec3a4321,0.0
1362,f73b1875-58ba-4200-bcd0-8a2af0366833,1.0
1363,f7ab3d5b-c833-44c5-8bd1-2f6aea688513,0.0
1364,f7c642bf-8233-46ff-aeaf-ce8125002474,1.0
1365,f7ec1aff-8f2f-418d-8287-31a084299108,1.0
1366,f7f191a3-379b-45c5-a8aa-8d65329af1af,0.0
1367,f8076b39-ef61-4625-8008-ef3c2b8dad72,1.0
1368,f80becce-512e-4da4-bbc0-ddd9b94beeaa,1.0
1369,f8364ca5-c739-40a2-9755-1d571a6f2eea,0.0
1370,f85d32b5-94e0-4e51-ad8f-e9fe1a0ae432,1.0
1371,f8a8f700-b7ee-4049-bab7-48f41ebcaf53,1.0
1372,f941ce5c-1166-4f74-90fe-d52e814fb6cc,1.0
1373,f9509de4-bea6-4eeb-bde6-dcaf0bea3c2c,0.0
1374,f979e810-ea38-47bd-9ea2-ba5299c89e62,1.0
1375,f9ee45f7-2aa1-4a22-8d14-df3b2d08b27e,1.0
1376,f9fe790f-3199-4ae1-b28d-d0a20c64c13f,1.0
1377,fa023875-2bea-420f-a477-ab362d485766,1.0
1378,fa41e913-8bb7-4bf4-b634-c120f65b1b05,1.0
1379,fac06f73-94b8-4700-a94d-439603f97a99,0.0
1380,fb0aff95-9490-4bf1-a280-c6171654e731,1.0
1381,fb0e21b3-e6ae-44be-bae6-b0cc3a6df779,1.0
1382,fb29c9a1-dd0e-4f34-b7a7-166afa8bab5b,1.0
1383,fb4bd251-dcc7-4173-a762-94a7f6d711e2,1.0
1384,fb516952-64c3-4122-ad63-cabc917400bf,1.0
1385,fb78362b-8d9e-4445-90eb-af5c2e5468f8,0.0
1386,fc1f33ed-f2ef-4f5c-a5e3-368d525467ac,0.0
1387,fc5d1d69-7cb3-42e3-bd89-a4d0a6ef3d88,1.0
1388,fc79675a-2cb0-436a-9920-aadd502c1a05,1.0
1389,fcdde83a-2a1b-4136-b0a8-7c420fc426a2,1.0
1390,fce9df6e-555c-47cf-847a-ea69d56e318d,0.0
1391,fd43ec7b-af51-48d4-a060-72f3746c7ef4,1.0
1392,fd5ccce5-8680-4ad6-87ac-e15a2363ca3c,1.0
1393,fd8119b2-3f5f-4ebf-8840-e666a7f9dd0d,0.0
1394,fd8aaf8a-16dc-4ba1-a9d1-3fe4c34a66c6,0.0
1395,fe272eed-519b-49fe-a01b-eb36bf8bf6c9,1.0
1396,fe2f0a87-4135-43b5-a4d7-4f8a0c1dd430,0.0
1397,fe3f0b94-47e2-466c-8387-8c5986fef53a,0.0
1398,fe653b9b-cddc-4b1b-9da4-91175d1e4da0,0.0
1399,fecb373e-e38d-4aef-a9df-0a382b7dd5e2,0.0
1400,ff1c1d54-2242-4f4b-8191-e2dca4b8549e,0.0
1401,ff3561c2-9f58-48d8-9711-33797496f374,0.0
1402,ff5b19a3-0553-4be2-8837-7aa0e60e4b0e,1.0
1403,ff6c6da1-2146-4cf6-b6ee-06a5d404ef41,1.0
1404,ffbb11aa-68d5-449b-997e-784109319467,0.0
1405,ffcd4b6d-aaad-4b0d-8000-77b55dbb5dcc,1.0
